X,Y,Name
73.0500574,33.707652226168,The Centaurus Mall Islamabad
73.0726757,33.688466126168,Lok Virsa Heritage Museum
73.0765335,33.686502726168,Pakistan Museum of Natural History
73.0847221,33.717403526168,Melody Food Park
73.0590334,33.733299126168,Dino Park
73.0624327,33.734515526168,Japanese Children Park
73.0673989,33.735174726168,Saidpur Park
73.0822209,33.742527526168,Trail 3
73.0877924,33.744767626168,Trail 5 (Dara Janglan)
73.0213021,33.704897626168,Islamabad Art Gallery
73.056523,33.738290026168,Daman-e-Koh
73.1112319,33.745302626168,Shrine Of Hazrat Bari Imam Sarkar
73.0884271,33.701515426168,Rose And Jasmine Garden
73.0970852,33.719377826168,Islamabad Museum
72.9476309,33.670568526168,Golra Railway Station
73.0441911,33.700941526168,CDA Park
73.0717871,33.723086326168,F-6/1 Park
73.08159,33.737020026168,Hashoo Park
73.0838928,33.719594526168,Argentina Park
73.09191,33.710880026168,Local Park - G-6/4
73.01055,33.673140026168,CDA Park
73.0327097,33.714069326168,Madina Park
73.1319963,33.711785026168,Lake View Park
73.06196,33.722790026168,Jubilee Park
73.0723478,33.709456726168,3-4 Park
72.9151352,33.722057226168,Shah Allah Ditta Caves
73.153192,33.789638326168,Shumber Waterfall
73.0678495,33.693742926168,Islamabad View Point
75.4718236,34.970507726168,Deosai National Park
75.6395472,35.303780926168,Kharphocho Fort
75.6336701,35.268511226168,Buddha Rock
74.8386145,35.915038226168,Haramosh Valley
75.7180825,35.279962226168,Marsur Rock Hussainabad Skardu
75.5996073,35.315805026168,Katpana Desert
74.669776,36.325640726168,Baltit Fort
74.8653331,36.319042426168,Attabad Lake
75.4453973,35.446695126168,Upper Kachura Lake
75.6295375,35.229384326168,Satpara Lake
75.233321,34.992468326168,Shausar Lake
74.0821496,36.239726026168,Naltar Lakes
75.4552287,35.426779426168,Lower Kachura Lake
74.7856385,35.330393326168,Rama Lake
73.7036514,36.878824026168,Karambar Lake
74.8825099,36.174490526168,Rush Lake
75.7000757,35.362219626168,Jarba Zhou Lake
75.4453973,35.446695126168,Upper Kachura Lake
75.4552287,35.426779426168,Lower Kachura Lake
75.6295375,35.229384326168,Satpara Lake
74.0608558,34.829270126168,Ratti Gali Lake
74.5131864,34.973533926168,Shounter Lake
74.5214267,34.919628726168,Chitta Katha Lake
73.8163585,33.810028226168,Banjosa Lake
74.0997703,34.962820326168,Saral Lake
73.7176283,34.131920226168,ZalZal Lake
74.1979383,33.044895426168,Baghsar Lake
73.5188298,34.324917526168,Subri Lake
74.0762757,34.857555026168,Gattian Lake
73.7360175,33.216738326168,Mangla Dam Lake
73.8651543,33.114316526168,Jari Kas Park
73.5100727,34.446007126168,Water Village Park AJK
73.4953819,34.188089926168,"Forest Recreational Park Barora, Chattar Kalass"
73.4738619,34.364119526168,Sathra Park
74.0413013,33.856143526168,Nakr park
73.4765303,34.360481726168,Jalalabad Garden
73.4666242,34.375679526168,AL BAIK PARK
73.8139689,34.080607026168,Panjal Mastan National Park
73.611145,34.560859426168,Machiara National Park
73.0459177,33.730675026168,Islamabad National Forest
73.0051055,33.748058826168,Margalla Hills National Park
73.0886942,33.688701726168,Shakarparian National Park
73.0832817,33.571870426168,Ayub National Park
73.0776016,33.727812526168,National Press Club Park
73.5194994,33.698590726168,Murree Kotli Sattian Kahuta National Park
73.4062342,34.064227226168,Ayubia National Park
73.4062849,34.051367426168,Ayubia National Park Dunga Gali
73.8139689,34.080607026168,Panjal Mastan National Park
73.0805557,33.736813326168,Park
72.6509652,35.713923026168,Mahodand Lake
73.6766144,34.813969026168,Ansoo Lake
73.492,34.631200026168,Siri Lake
73.4867,34.615300026168,Payee Lake
72.3444324,35.368770526168,Katora Lake
72.805,34.160833326168,Tarbela Lake
72.3747686,35.217079026168,Daral Lake
73.9414011,35.007705926168,Pyala Lake
72.3258333,35.191944426168,Saidgai Lake
72.3777281,35.399669726168,Izmis Lake
71.6916205,35.894805926168,Chitral Gol National Park
72.6624209,36.063499326168,Shandur National Park
71.8408333,36.255000026168,Tirich Mir
67.6524336,26.319073626168,Kai Valley
68.7069176,27.343610726168,Kot Diji Fort
67.9052622,25.890817826168,RaniKot Fort
67.8618672,26.433710626168,"Kafir Qila , know as Sehwan fort"
69.7339847,25.363775926168,Fort Tower Umerkot
67.5230063,24.750207426168,Debal Beach
68.8471155,27.673284026168,Lloyd Barrage Museum
70.733333,24.340556026168,Karoonjhar Mountains
67.5231713,25.691063726168,Khirthar National Park
68.8527448,27.685811426168,Indus Dolphin View Point
73.5744779,32.964503226168,Rohtas Fort
74.3154234,31.588199526168,Lahore Fort
72.8658866,33.765718626168,Pipplan Buddhist Stupa and Monastery
72.8421734,33.744571226168,Dharmarajika Stupa And Monastery
73.0084071,32.647988926168,Khewra Salt Mines
74.3032045,31.622556526168,Tomb of Emperor Jahangir
73.5270189,33.692887926168,Noorabad Waterfall
73.4042009,33.913637326168,Kashmir Point
73.1562606,30.079770526168,Satluj Tourist Area
73.1627144,33.895761826168,Jabbri Bridge KPK
72.4488258,34.230574026168,Rani Gat Buddhists Ruins
72.9758799,33.832814926168,Bhamala Stupa
73.2952123,33.995770526168,Umbrella Waterfall
72.2008455,35.560653726168,Kumrat Valley Dir
72.9214633,33.813972726168,Khanpur Dam Viewpoint
72.4822515,34.785606126168,Shingri Waterfall
72.7621445,34.043017426168,Sero sir Point
72.6170104,34.147109126168,"Tulko dairay Pabaini , Swabi , KPK Pakistan"
72.7302972,34.290787126168,Beer Gali Hill Station
73.2782407,34.000907926168,Sajjikot Waterfall Lake
73.1176521,33.893507926168,Noori Waterfall
73.2952123,33.995770526168,Umbrella Waterfall
73.4770313,34.122931926168,Sabri Waterfall
73.0856423,33.752396126168,Ficus Spring And Waterfall
73.0006069,33.869073526168,Hazara Waterfalls Jab Valley
73.153192,33.789638326168,Shumber Waterfall
73.5270189,33.692887926168,Noorabad Waterfall
73.0430613,33.880837426168,Sky Rain Waterfalls chhajiyan
73.186962,33.679597126168,Kuri Waterfall
67.3022206,29.760342326168,Pir Ghaib
67.1316505,28.146207326168,Moola Chotok Waterfalls
66.7370393,30.222719326168,Hazarganji-Chiltan National Park
64.7972734,28.526082826168,Top Tourist attraction Balochistan
67.1324415,27.537430426168,Picnic Point Pir Ibrahim
66.3019997,26.988151826168,Ornach Waterfall
65.2478994,25.440971826168,Buzzi top Makran costal highway
66.8995409,30.050367026168,Chiltan Park
65.46282,25.390347526168,Kund Malir Seaside Balochistan
65.5200553,25.514689526168,Hingol National Park
61.7781763,25.015701226168,Gariyan Beach
71.3343583,28.768008326168,قلعہ دراوڑ
72.9516435,32.723988626168,Katas Raj Temples
74.160652,31.390544926168,Sukh Chayn Park
73.0832817,33.571870426168,Ayub National Park
72.8421734,33.744571226168,Dharmarajika Stupa And Monastery
71.4143514,30.178245026168,Chaman Zar e Askari Park Multan
71.511493,30.190137026168,Jinnah Park
71.4765479,30.200584626168,Shrine of Bahauddin Zakriya
71.471737,30.199127326168,Tomb of Hazrat Shah Rukn-e-Alam
71.4838754,30.204607926168,Park Zoo
63.4715896,25.274274626168,Kataow Beach
67.0330418,24.847515226168,Frere Hall
66.9596156,24.803099826168,Manora Beach
66.9258333,24.830833326168,Sands Pit
66.8636615,24.860170326168,Hawke's Bay Beach
66.8887514,24.849028526168,Hawkes Bay Public Beach
66.8182481,24.839477626168,"French Beach, Karachi"
66.7250107,24.838027926168,Nathiagali Beach
66.8021875,24.845437526168,Tushan Beach
66.7752569,24.843112626168,"Paradise Point, Pakistan"
66.6681994,24.838467126168,Sandilo
66.659625,24.839070726168,Mubarak Village Mazaar
66.7403399,24.925851526168,Aqua Beach - Karachi
66.6957044,24.947179426168,Fishermen Floating Jetty Beach
66.7025769,24.994150326168,Tilismati beach
66.7036659,25.087680626168,Gaddani Beach
66.7266856,25.118604126168,Gadani Beach
66.7490147,25.172712026168,Sonmiani Beach
66.8892543,25.310890926168,Sassi Punnu Shrine
66.5909396,25.428977526168,Sham shan ghat sonmiani
66.849401,25.468594626168,Winder Dam
66.8848572,25.552997026168,Mithri Gululong
66.4954127,25.497071226168,Rathod's Island
66.5587767,25.490186726168,Green Desert Beach
64.627676,25.169912026168,Ormara Turtle Beaches
64.5465442,25.275181126168,Royal Ranches Ormara
64.592641,25.251891426168,Ormara Beach Resorts/ Bolan Safari
64.4774305,25.263704826168,Ormara Beach Resort
67.3013888,30.262500026168,Loe Nekan
66.8280555,30.015555526168,Chiltan
69.9375,31.682500026168,Obasta Tsukai
71.5480855,34.018486526168,Garrison Park Peshawar
71.4900088,34.016956926168,Peshawar Zoo
71.4446416,33.981539426168,Tatara Park
71.3783551,34.003429126168,Jamrud Fort
73.2358333,34.915833326168,Sukai Sar
74.5891446,35.237503826168,Nanga Parbat
74.4898568,36.143326926168,Rakaposhi
76.5147031,35.879850926168,K2 National Park
76.5151001,35.879987526168,K2
76.5680122,35.810748626168,Broad Peak
76.6133333,35.729166626168,Gasherbrum V
76.6308333,35.708333326168,Gasherbrum Vi
76.5516666,35.418333326168,K6
76.2158333,35.443333326168,Honboro Kangri
77.0216666,35.295833326168,K12
76.7091666,35.361666626168,Khor Kangri
76.8462968,35.399580126168,Saltoro Kangri
76.7525,35.200000026168,Dansam
76.9691666,35.081666626168,Gharkun
76.5975,35.447500026168,Link Sar
76.4575,35.424166626168,Drefekal
76.8,35.516666626168,Ghent Kongri
76.8708333,35.548333326168,The Hawk
76.6733333,35.639166626168,Baltoro Kangri
76.575,35.613333326168,Chogolisa
76.4066666,35.671666626168,Ghandogoro Ri
76.3062018,35.642015426168,Masherbrum
76.3608333,35.828333326168,Muztagh Tower
76.2383333,35.803333326168,Biale Kangri
76.0866666,35.726666626168,Choricho
75.7541666,35.948333326168,Baintha Brakk I
75.8224999,35.928333326168,Latok I
75.7533333,35.750000026168,Gama Sokha Lumbu
75.6541666,35.596666626168,Koser Gunge
75.92,35.576666626168,Mango Gusor
75.4863888,35.809999926168,Ganchen
75.5675,35.937500026168,Sosbun Brakk
75.4075,36.031666626168,Alchori Sar
75.5019444,36.119722226168,Tahu Rutum
75.36,36.114166626168,Hispar Sar
75.44,36.140000026168,Kanjut Sar II
75.4166666,36.205833326168,Kanjut Sar I
75.375,36.250833326168,Yukshin Gardan Sar
75.2065296,36.204964226168,Kunyang Chhish
75.25,36.211666626168,Pumari Chhish
75.1883333,36.325833326168,Disteghil Sar
75.0849999,36.288333326168,Trivor Sar
75.1483333,36.363333326168,Malangutti Sar
75.0352478,36.318781926168,Momhil Sar
75.1241666,36.090833326168,Makrong Chhish
74.9665833,36.057079026168,Spantik
74.6611977,36.120682226168,Diran
74.745,36.058333326168,Miar Chhish
74.6333333,35.955833326168,Bilchhar Dobani
74.8752594,36.003701426168,Malubiting
74.9612617,35.956471326168,Laila Peak
75.0088978,35.913662026168,Haramosh II
74.8975,35.840000026168,Haramosh I
75.1191666,35.866666626168,Kapaltang Kun
74.1962528,36.216786926168,Chari Khand
74.0588888,36.291111126168,Shani Peak
74.4661111,36.336944426168,Maiun Chhish
74.6808333,36.440833326168,Shisparé Sar
74.5608333,36.425833326168,Sang-E-Marmar
74.5233333,36.510000026168,Batura Sar
74.47,36.450000026168,Hachindar Chhish
74.0908333,36.460000026168,Purian Sar
74.3808333,36.566666626168,Sani Pakkush
74.4233333,36.650833326168,Kuk Sar
74.3583333,36.640000026168,Pamri Sar I
74.3175,36.625000026168,Kampire Dior
74.9333333,36.556666626168,Tupopdan
74.2113888,36.676111126168,Yashkuk Sar
74.0886111,36.719444426168,Koz Sar
73.8908333,36.726666626168,Chiantar Sar
73.8905555,36.879722226168,Qalandar Zom
73.5861111,36.710277726168,Garmush Zom
73.3416666,36.590000026168,Ghamubar Zom
73.2416666,36.730833326168,Koyo Zom
73.065,36.700000026168,Thui Zom II
73.0899999,36.597500026168,Blatts Yoz Zom
73.1725,36.725000026168,Karol Zom
72.8283333,36.648333326168,Shayaz Zom
72.8608333,36.436666626168,Shah Dok
72.3273969,36.154543726168,Buni Zom
72.2663888,35.910277726168,Ghochhar Sar
72.2827777,35.780833326168,Thalo Zom
72.8205555,35.945277726168,Sharang Bar
72.5063888,35.919166626168,Dadalbho
72.7768672,35.675418326168,Falak Sar
72.3674999,35.344166626168,Chambargahai
72.6558333,36.842500026168,Rahozon Zom
71.9891666,36.535833326168,Udren Zom
74.8358333,36.950555526168,Kharchanai
75.0808333,36.611666626168,Karun Kuh
75.3647222,36.914166626168,Khunjerab Sar I
75.4708333,35.533333326168,B21
71.9851812,29.442572526168,Lal Suhanra National Park
74.0032643,31.080900526168,Changa Manga Forest Park
72.5559746,30.670989926168,Kamalia Wildlife Park
72.2008455,30.755009326168,Shorkot Plantation Reserve
72.5885045,30.867511726168,Rajana Forest Bhagat Wildlife Park
73.0791264,31.418710426168,Clock Tower Faisalabad
73.0344116,31.370312326168,Gulshan Iqbal D block park
73.2108012,31.473404026168,Gutwala Park Faisalabad
74.3635476,31.533002726168,Joyland
74.2896637,31.516387126168,Gulshan-e-Iqbal Park
74.3306499,31.553270626168,Bagh-e-Jinnah
74.3345479,31.544481426168,Race Course (Jilani Park)
74.4768835,31.571468126168,"Jallo Park, Botanical Park"
74.3154234,31.588199526168,Lahore Fort
74.3131244,31.589752326168,Sheesh Mahal
74.3127117,31.592887826168,Greater Iqbal Park
74.309485,31.592514826168,Minar-e-Pakistan
74.3118916,31.594788926168,National History Museum
74.3144816,31.587301826168,Lahore Fort Park
74.30973,31.583199726168,Fakir Khana Museum
74.308338,31.582754026168,Haveli Mian Afzal Javed
74.3135113,31.580978326168,Laal Haveli
74.3113498,31.579653126168,Haveli Nau Nihal Singh
74.2936388,31.568771526168,Nehru Park
74.3002711,31.566444526168,Baba Ground
74.2949949,31.537180626168,Jinnah Park
74.2597467,31.520240526168,"Sabzazar K block Park, Lahore, Punjab"
74.2427162,31.537441926168,Mian Sharif Water Land
74.2182582,31.380816226168,Safari Zoo Lahore
74.1939131,31.387760026168,Safari Villas Park
74.2678169,31.366985126168,Lahore Race Club
74.3625038,31.557896126168,Royal Palm Golf And Country Club
73.0568292,33.744932526168,Marghazar Zoo
74.3263366,31.556612326168,Lahore Zoo
67.0232578,24.876207326168,Karachi Zoo Park
74.2095526,31.384339126168,Lahore Wildlife Park
67.1587265,24.826540126168,Korangi Zoo
67.108196,24.922217726168,Safari Park
74.4768835,31.571468126168,"Jallo Park, Botanical Park"
73.0726757,33.688466126168,Lok Virsa Heritage Museum
73.0228286,33.701830926168,Fatima Jinnah Park (F-9 Park)
73.0689041,33.693072126168,Pakistan Monument
73.0371536,33.729519826168,Shah Faisal Masjid
73.1116195,33.778427526168,Bruti Top
73.1941682,33.498257626168,Rawat Fort
72.9477243,33.670543626168,"Golra Sharif Railway Museum,"
72.9968107,33.647856226168,NUST Trail
72.8320196,33.687746926168,Children Park
73.8389657,33.947002526168,Chattar
73.0681372,33.744950826168,Archeological art Gallery
73.1112319,33.745302626168,Shrine Of Hazrat Bari Imam Sarkar
72.6989522,34.087543226168,Tarbela Dam
73.6425831,33.140635326168,Mangla Dam
73.6774465,33.724960926168,Tourist lodge
74.3488957,34.821172726168,Tourist Motel Kel
73.9499796,34.651467626168,Keran Resort
73.9473867,34.664620026168,Tourist Huts Upper Neelum - AJK Tourism Department
73.4196782,34.407184126168,"Tourist Lodge, Shaheed Gali"
73.469789,34.348733926168,Pearl Continental Muzaffarabad
73.9578313,33.916168926168,Las Danna Rest House
73.7850974,34.056421426168,Virsa Tourist Lodge
74.3488957,34.821172726168,Tourist Motel Kel
73.9471206,34.654705026168,The Twin Hills Resort
73.7319272,33.148499426168,Italian Pizza Hut
73.8095319,33.809053726168,Heaven Dreams Guesthouse
74.0608558,34.829270126168,Ratti Gali Lake
74.1100996,33.040098626168,Mazar Baba Shadi Shaheed
73.9072966,34.598479226168,Neelam Valley
73.8163585,33.810028226168,Banjosa Lake
73.0175,33.696944426168,Baradari
73.4970529,34.129935226168,Quaid-e-Azam Memorial Hut Barsala
72.9210435,34.003096626168,Shrine Chohar Sharif
73.8004956,34.560838226168,Kutton
73.9580246,33.918118826168,Lasdana
73.641266,33.131372026168,Mangla Fort
73.7309606,33.853808226168,Pearl Valley Public School And College
73.9096636,33.190173926168,Pirgali
73.5477778,34.387777826168,Pir Chinasi
73.6417553,33.223486526168,Ramkot Fort
73.464886,34.382359826168,Red Fort Muzaffarabad (Azad Kashmir PAKISTAN)
74.1372087,33.090319026168,Samahni
73.8776781,33.600407926168,Sarda
74.1899681,34.792091426168,Sharda Peeth
73.7448437,34.075339026168,Sudhan Galli
74.7124907,34.726673726168,Taobat
71.2725724,31.963425026168,Tinda
73.74475102,33.159791056168,"33.15979103	73.74475102"
73.9079529,33.892772126168,Toli Peer
73.7176283,34.131920226168,ZalZal Lake
72.3668125,33.769437526168,Jinnah Park Attock
72.241098,33.873590726168,Attock Khurd Railway Station
72.2397613,33.896694826168,Attock Bridge
72.2528025,33.898071626168,Maqbara Attock
72.1688889,33.713333326168,Kala Chitta Range
71.8865312,33.080154526168,Tarap Sher Shah Suri Well/ Baoli
72.6908037,33.821202426168,Hakimon ka Maqbara
72.2371399,33.891181826168,Attock Fort
73.0865074,33.745936826168,Trail 5 Camping Site
72.8748703,33.764953626168,Jaulian Buddhist Stupa & Monastery
72.858023,33.503870926168,Kherimuret National Park
72.6833225,33.616604826168,Shahpur Dam
72.6898107,33.820826626168,Gurudwara Panja Sahib
72.6918313,33.821403326168,Lala Rukh Tomb
72.2471599,33.895907426168,Baradari
72.936555,33.554907226168,Site for Public Park
72.0334832,33.179621126168,Maira Sharif
73.2715029,30.002777726168,Bahawalnagar Zoo
73.2675835,30.006067926168,Haider Stadium Bahawalnagar
72.5481187,29.167799226168,Jam Garh Fort
72.4343213,29.177934826168,Marot Fort
72.8618866,29.180955126168,Phulra
72.8408458,29.802895226168,Shrine of Hazrat Khwaja Noor Muhammad Maharvi R.A.
72.5481187,29.167799226168,Jam Garh Fort
73.2675835,30.006067926168,Haider Stadium Bahawalnagar
72.8440684,29.797743326168,Shrine of Hazrat Baba Taj ud Din Sarwar Chishti Shaheed(R.A.)
72.8408458,29.802895226168,Shrine of Hazrat Khwaja Noor Muhammad Maharvi R.A.
72.3796376,33.774785926168,Quaid E Azam Stadium
72.8574558,29.193053026168,Fort Abbas
73.0431011,33.691977126168,Shrine Peer Syed Muhammad Younas Qadri Naqashbandi
71.052869,29.240147026168,Shrine of Hazrat Jalal-u-Din Surakh Posh
71.020154,29.346336826168,Head Panjnad Bridge
71.0525111,29.240920826168,Tomb of Javindi Bibi
71.6679306,29.378965426168,Noor Mahal
71.052869,29.240147026168,Shrine of Hazrat Jalal-u-Din Surakh Posh
71.6813191,29.403831226168,Medical technician
71.9851812,29.442572526168,Lal Suhanra National Park
71.8301592,29.314762626168,Quaid-e-Azam Solar Park
72.1399471,29.013320026168,Mauj Garh Fort
71.6849904,29.390933926168,Govt. Central Library Bahawalpur
71.6853498,29.389856826168,Bahawalpur Museum
71.9846325,29.443227126168,TDCP Resort
71.3427978,28.766193126168,Royal Graveyard
71.3303095,28.770773526168,Shrines of Companions of the Holy Prophet
71.6832911,29.395746926168,Fareed Gate
71.6849542,29.394131426168,Govt Sadiq Dane Model High School Bahawalpur
71.6974619,29.394742926168,Gulzar Palace
71.6519177,29.403304326168,Bahawalpur
71.3343583,28.768008326168,قلعہ دراوڑ
71.0525111,29.240920826168,Tomb of Javindi Bibi
71.052606,29.240660126168,Tomb Of Nauria
71.5432839,29.313675426168,Dargah Hazrat Khawaja Mohkam Din Serani
71.666974,29.394643526168,Shikarpuri Gate
71.6754148,29.401571326168,Multani Gate Bazaar
71.6832911,29.395746926168,Fareed Gate
71.4652203,30.193746526168,Bohar Gate
71.6728903,29.392601126168,Ahmedpuri Gate
71.6759232,29.391728926168,Derawari Gate
71.683553,29.399200626168,Mohri Gate
71.6830887,29.402899726168,Dring Stadium Bahawalpur
71.6849904,29.390933926168,Govt. Central Library Bahawalpur
71.6618355,29.393680426168,SS World Family Park
71.6887252,29.393343726168,Haqqi Centre
71.9616217,29.310262126168,Whispering Hill Rest House
71.9683691,29.381489126168,Black Buck Ennlosure Feeding Point
70.8081236,27.855097726168,Islamgarh Fort
71.1567344,29.914187326168,Khangarh
71.37188,28.346003026168,Nawan Kot Fort
71.6820077,28.089929726168,Bijnot fort
71.6740097,29.372250826168,Basti Malook Shah
71.6807623,29.388877326168,Bahawal Victoria Hospital
71.052606,29.240660126168,Tomb Of Nauria
71.0525111,29.240920826168,Tomb of Javindi Bibi
71.683647,29.401134626168,TDCP Bahawalpur Regional Office
70.6606416,28.634687826168,Tomb of Nawabs
71.6807623,29.388877326168,Bahawal Victoria Hospital
71.052606,29.240660126168,Tomb Of Nauria
71.0782606,29.238110826168,Pir Hassan Shah
71.0525111,29.240920826168,Tomb of Javindi Bibi
71.6820077,28.089929726168,Bijnot fort
71.5723953,28.506196926168,Cholistan Desert
72.5481187,29.167799226168,Jam Garh Fort
72.5291713,29.692359326168,Hasilpur Sports Club
72.5548655,29.692155026168,Allama Iqbal Park
72.2391186,29.584996326168,Iqbal Rehmani Gym Land Club
72.2379769,29.571714026168,KPT Children Park
72.6211227,29.174202326168,Meer Garh Fort
73.0676442,33.640328826168,Gulshan-e-Zohra/ Fatima Jinnah Family Park
73.148727,33.537412026168,Gulshan-e-Riaz
71.0628372,31.621676126168,Jamil Stadium Bhakkar
71.0740328,31.622032426168,Canal Rest House
71.0538241,31.637211326168,Dilkusha Bagh
71.088572,31.630361026168,Mini Zoo Bhakkar
73.1112319,33.745302626168,Shrine Of Hazrat Bari Imam Sarkar
73.0624327,33.734515526168,Japanese Children Park
71.2787698,32.151652126168,Office Farida Garden
71.4386415,31.385735626168,Ruins of Mankera Fort
73.6116742,32.944842326168,Malot
72.9761143,32.789152526168,Dhoke Tahlian
72.6036551,32.662018426168,Neela Wahan
72.9969872,32.803271126168,Kot Raja Dam
72.8581943,32.805760326168,Khokhar-Zer Dam
72.8559375,33.047361426168,Minwal
72.7481193,32.563595026168,Qalandar Baba Syed Safdar Ali Bukhari Shrine
72.15,34.416944426168,Khwar Garai Dhand
72.8654715,32.935366026168,Model Bazaar Chakwal
73.3451915,33.880247526168,TDCP Restaurant and Family Resort
72.773255,33.025433626168,Lakhwal Dam
72.7054062,32.770145426168,TDCP Resort
72.9407698,32.789854126168,"Dhok Ban Ameer Khatoon School, Chakwal"
72.7540059,32.689562426168,Simbal Lake
72.7022664,32.919943226168,Chakwal canyons
72.7572588,32.858027926168,Old Bhaun Temple
71.933333,32.541667026168,Sakesar
71.3355374,32.503247226168,Kafir Kot
72.7054062,32.770145426168,TDCP Resort
72.9516435,32.723988626168,Katas Raj Temples
72.7996986,32.684592226168,Malot Fort
72.9785353,32.721951326168,Choa Saidan Shah
72.7082383,32.775711626168,Kallar Kihar Lake
72.6036551,32.662018426168,Neela Wahan
72.700116,32.769596326168,Kallar Kahar Museum
72.7054062,32.770145426168,TDCP Resort
72.6992308,32.770547526168,Takht-e-Babri
72.7226007,32.735540726168,Swaik Lake
72.7572588,32.858027926168,Old Bhaun Temple
72.6967233,32.768791726168,Sakhi Hoo - Bahoo
72.6055405,32.661978326168,Neela Wahn WaterFall
72.0979216,32.803039626168,Dhurnal dam
72.6247262,32.875262526168,Walana Dam
72.3281531,32.864667826168,Pira Fatehal
72.1269178,32.841303526168,Mial Dam
67.2714356,24.864383826168,Chaukhandi Tombs
71.8815889,33.041328426168,Sassi Da Kallara
72.3662483,32.710762326168,Chinji National Park
72.9885644,31.707586726168,FatimaJinah Park Chiniot
72.976821,31.719895426168,Shahi Masjid Chiniot
72.944883,31.751480326168,Chenab Park
72.9515456,31.757412426168,Boo Ali Qalandar
72.9835628,31.719631926168,Library Park
72.9800253,31.719424626168,Omar Hayat Mahal
72.9800253,31.719424626168,Omar Hayat Mahal
72.9741586,31.716113426168,Peer Shah Burhan
72.8088898,31.826710326168,Mian Muhammad Siddique Lali Auto
70.6258591,30.062348226168,Ghazi Park
70.6265126,30.041541426168,D.G. Khan Zoo
70.642748,30.062686426168,Tomb of Ghazi Khan
70.6307615,30.031231026168,Nawaz Sharif Biodiversity Park
71.4376072,33.626693826168,Ghamkol shareef
69.9848103,29.929971826168,Fort Monroe
73.0228286,33.701830926168,Fatima Jinnah Park (F-9 Park)
73.0386693,34.479615226168,Jirga Pakistan Trust
69.9917425,29.927988526168,TDCP Resorts
70.4947316,29.995236326168,"TDCP,s Resort Sakhi Sarwar"
70.0007787,29.909986826168,Anari orchard top
69.9939291,29.928809226168,Damas Lake
70.0131477,29.957408626168,FORT MUNRO STEEL BRIDGE
70.3648974,30.552308026168,Punjab Top 7590ft
70.4448844,30.706196326168,Gulki Hill Station.
70.4891238,29.961073326168,D.G. Khan International Airport
70.6265126,30.041541426168,D.G. Khan Zoo
70.623213,30.051148326168,Dera Ghazi Khan
70.6307585,30.031221526168,Jinnah Family Park
70.641246,30.057518726168,Kashmir Park Food Point
70.6444455,30.062518826168,Khosa Park
73.0782314,33.710760426168,Tourist Information center
69.9917425,29.927988526168,TDCP Resorts
72.3408569,31.259640426168,Jamia Mahmoodia
70.642748,30.062686426168,Tomb of Ghazi Khan
70.6479927,30.700947126168,Hazrat Shah Sulaiman Taunsavee
70.8496492,30.512896226168,Taunsa Barrage
70.6844161,30.596412626168,Super koh-e-Suleman agro gypsum
70.6619466,30.708943226168,Public Park Taunsa
68.938121,26.041305026168,Children And Family Park
73.1834698,31.565246126168,Jinnah Park
73.2907793,31.671843526168,mujahid building material store
73.0857945,31.433839726168,Iqbal Cricket Stadium
73.088561,31.423936426168,(The Chenab Club (G دی چناب کلب (جی)
73.0952186,31.449936526168,Jinnah Park
73.0967492,31.417340826168,Faisalabad
73.0803713,31.419415426168,Clock Tower
73.1154132,31.417564626168,Hockey Stadium Faisalabad
73.0842066,31.419032026168,Qaiseri Gate
73.0999602,31.389308926168,Muslim Park
73.211108,31.473352726168,Forest Park
73.0836494,31.421823926168,Lyallpur Museum Faisalabad
73.1349605,31.450366226168,Faisalabad
73.0842066,31.419032026168,Qaiseri Gate
73.0859985,31.431652026168,Faisalabad Arts Council
73.0861552,31.431508526168,Nusrat Fateh Ali Khan Auditorium
73.0839157,31.433067326168,Lyallpur Golf & Country Club
73.0486446,31.346458826168,Hari Singh
73.047234,31.347739226168,Lal haveli 233 FSD
73.2108012,31.473404026168,Gutwala Park Faisalabad
73.1173849,31.390619226168,Rachna Mini Zoo
73.2627965,31.505108026168,Fatima Jinnah Lady Park
73.4014171,31.322896526168,Jaranawala Zoo
72.942597,31.048521226168,Shehbaz Sharif Park Entrance
72.9646861,31.061995026168,Liaquat Ali Khan Park
72.9647219,31.063834226168,Fatima Jinnah Park (Lady Park)
73.4170082,30.311603126168,Chan Pir Shrine
74.2491119,32.047627426168,Gurdwara Rori Sahib
74.1785217,32.189818526168,Gulshan-e-Iqbal Park
74.1887119,32.156529226168,Samadhi Of Raja Mahan Singh Sukerchakia
74.1994517,32.173421326168,St. Paul's Presbyterian Church
74.1903811,32.158413226168,Gurudwara Damdama Baba Sahib Singh Ji Bedi
74.1891141,32.158307426168,Sialkoti Gate
74.3113997,31.589371326168,Samadhi of Maharaja Ranjit Singh
74.1944529,32.187691926168,Gujranwala
74.1889494,32.155528826168,Sheranwala Bagh
74.1850516,32.157520026168,Haveli of Hari Singh Nalwa
74.1631735,32.191678426168,Babo jee Ghulam Nabi Sarkar
74.1901428,32.149237426168,Memorial Tomb of Jain Monk Atma Ramji
74.5108974,32.033524926168,Maqbra in Kotly
74.1875943,32.176583926168,Gujranwala Railway Station
74.1128929,32.246270926168,Nishan-e-Manzil
74.22423,31.984620026168,Lady Park
74.179188,32.161642426168,Kothi Darzian Wali
73.9919099,31.981077026168,Gurudwara Khara Sahib
74.1445274,32.446139526168,Maulana zafar ali khan tomb
74.1218993,32.406077326168,Mukhtar King Fish
73.9785952,32.398787026168,Khanki
74.1479627,32.444108926168,LADIES & CHILDREN PARK
74.0348294,32.801184826168,Shrine of Major Raja Aziz Bhatti Shaheed
73.8683662,32.811756826168,Bahar wali baoli kharian
74.0781113,32.573963926168,Akbari Fort
74.0764368,32.570179526168,Ram Pyari Mahal
73.8580788,32.908410026168,Dandi Arain
74.0766525,32.573838226168,Akbari Hamam
73.7919103,32.799482926168,Mohri Sharif
73.9053059,32.811018326168,Soldiers Children Park
73.9010765,32.764090926168,TDCP Resturant
73.8386875,32.833587426168,Pabbi Forest Park
73.830779,32.927667026168,"Bridge View Park, Jaggu Head"
73.6863639,32.068547326168,Presbyterian Church of Pakistan
73.6950221,32.051539326168,Adventure Valley Family Park
73.6953752,32.074796026168,Mirsi Khan Park
67.0184975,30.191210426168,Mali Bagh (Sadiq Shaheed Ground)
72.3369866,31.275244326168,Mai Heer Shrine
71.5651986,34.012704426168,Peshawar High Court
72.3252638,31.305247626168,Lal Nath Mandir
72.3222849,31.299670626168,Nawaz sharif park
72.3369866,31.275244326168,Mai Heer Shrine
71.5651986,34.012704426168,Peshawar High Court
72.3252638,31.305247626168,Lal Nath Mandir
72.3222056,31.274107426168,Jamil Shaheed Park
73.5783646,32.968451626168,Mata Sahib Kaur
72.9741586,31.716113426168,Peer Shah Burhan
71.8126593,30.746826826168,Pir Abdul Rehman
72.3263494,31.260413126168,Jhang Sadar Railway Station
72.0753327,30.832022526168,Bahoo Park
73.5744779,32.964503226168,Rohtas Fort
73.4353646,32.861132426168,Tilla Jogian Temple
73.7264719,32.921706926168,"Altaf Park, Jhelum"
73.5859132,33.139161026168,Lehri National Park
73.7222258,32.921421026168,St. Johns Church
73.7259816,32.929608126168,Jhelum
73.4086745,32.664819126168,Alexander Monument
73.7337528,32.926408826168,Gurdwara Bhai Karam singh
73.5731269,32.971215726168,Gurdwara Chowa Sahib
73.5808776,32.977828526168,Maqbara Khair un Nisa
73.5873495,32.980172826168,rohtas resort & recreation
73.725352,32.912411626168,Jhelum Bridge
73.7314995,32.906389326168,javeria
73.5697287,32.966724726168,Badshahi Masjid
73.5735106,32.962653426168,Rohtas Fort Museum
73.5725457,32.966380326168,Rani Mahal
73.5720324,32.965564026168,Haveli Man Singh
73.4398062,32.859563726168,Tilla Jogian
73.7293714,32.922636626168,Shrine of Hazrat Suleman Paras R.A
73.7345293,32.927067326168,Abandoned Shiva Temple
73.7302592,32.929606826168,Akram Shaheed Park Libraryمیجر اکرم شہید پارک لائبریری
73.7034854,33.021571126168,Shrine
73.7400169,32.943367526168,"Jinnah Hall (Zilla Council Hall), Jhelum"
73.491095,33.194694126168,Tomb of Sultan Shahāb-ud-Din Muhammad ghouri
71.2801022,34.017452426168,Shagai Fort
73.3973936,32.658786626168,Jalalpur Sharif
73.491095,33.194694126168,Tomb of Sultan Shahāb-ud-Din Muhammad ghouri
74.0032643,31.080900526168,Changa Manga Forest Park
73.9624732,31.088731126168,Changa Manga TDCP Rooms
74.4667828,31.112835426168,Kasur Museum
74.4689336,31.108398726168,Shrine Hazrat Baba Shah Kamal Chishti دربار بابا کمال چشتی
74.447725,31.121049926168,Shrine Of Hazrat Baba Bulleh Shah
74.4593942,31.132136826168,Kasur Garden
74.5177644,31.038578626168,Ganda Singh Wala
73.848155,31.018678826168,Ladies Park
73.8698398,31.226019126168,Head Balloki Reservior
71.9294533,30.309657326168,Khanewal Jn
72.1051168,30.556843426168,Shrine Hazraat Sultan Abdul Hakeem
72.9762698,31.712720226168,Hazrat Shaikh Ismail Bukhari (R.A)
71.9294533,30.309657326168,Khanewal Jn
72.0339789,30.344858126168,Wildlife Park Pirowal
71.9303159,30.303257726168,Jinnah Library
71.9145692,30.300844426168,city Park
72.2394952,30.526507426168,Old Hindu Temple
72.2387848,30.527161126168,Tulamba Fort
72.2474416,32.676625426168,Kanhati Gardens
72.02,32.560000026168,Uchhali Lake
72.2141,32.621900026168,Khabikki Lake
72.4150347,32.367110826168,Graveyard Of Sahaba RA
72.2069851,32.617054226168,TDCP Khabeki Lake Resort
72.2476695,32.676889226168,TDCP Resort Kanhatti Garden
72.2633963,32.657509626168,Akrand Fort
72.0868126,32.598569826168,Angah
72.0875532,32.498140326168,Jahlar Lake
72.7054062,32.770145426168,TDCP Resort
72.4139206,32.576594026168,Karrummi Water Fall
72.2148718,32.531723026168,"Khura Stepwells , Soon Valley"
73.0383908,32.724567426168,Stone Garden
72.3445943,32.591576126168,Sultan Mehdi Chashma
72.3446572,32.590916826168,Waterfall sultan mehdi
72.3133529,32.542637226168,Hayat-ul-Mir Reserved Forest
72.3133529,32.575490426168,Paslian Reserved Forest
72.2541441,32.588802726168,Hapar Reserved Forest
72.3251931,32.653822626168,Kotukka Reserved Forest
72.2008455,32.674035026168,Khariot Forest
72.0764437,32.628488626168,Anga Reserve Forest
72.147537,32.649844626168,Mardwal Forest
72.271908,32.662506426168,Khabbakki Reserved Forest
72.1771541,32.626831426168,Chumbi Surla Wildlife Sanctuary
72.3856814,32.313687626168,Khushab Jheel
72.4139206,32.576594026168,Karrummi Water Fall
72.3445943,32.591576126168,Sultan Mehdi Chashma
72.2148718,32.531723026168,"Khura Stepwells , Soon Valley"
72.154451,32.635380426168,Shrine Maai Wali Dheri
71.9351201,32.542287226168,Highest Point Of Soon Valley
72.2633963,32.657509626168,Akrand Fort
71.3355374,32.503247226168,Kafir Kot
72.2069851,32.617054226168,TDCP Khabeki Lake Resort
72.2476695,32.676889226168,TDCP Resort Kanhatti Garden
72.2474416,32.676625426168,Kanhati Gardens
72.0761114,32.531107126168,Daep Sharif chashma 1
72.1689735,32.941210826168,Shrine of Hazrat Peer Mehboob Shah Bukhari
71.905416,31.876588226168,National park
71.8834438,32.337703926168,Jinnah Park
71.9319831,32.506712126168,Amb Shareef
74.3678801,31.531527826168,Fortress Stadium Market
74.3154234,31.588199526168,Lahore Fort
74.1853154,31.367994926168,Grand Jamia Masjid Bahria Town
74.3113203,31.587883326168,Tomb of Allama Iqbal
74.3032045,31.622556526168,Tomb of Emperor Jahangir
74.3076921,31.548916826168,"Major Shabir Sharif Shaheed NH, SJ"
74.29474,31.620963326168,Tomb of Noor Jahan
74.2974752,31.622538826168,Tomb of Asif Khan
74.2137367,31.400001626168,Baradari
74.3827802,31.584320126168,Shalamar Garden
74.3640733,31.579204926168,Tomb of Dai Anga
74.3559167,31.576202726168,Buddhu ka Aawa
74.3345479,31.544481426168,Race Course (Jilani Park)
74.3263366,31.556612326168,Lahore Zoo
74.311794,31.589792526168,Gurdwara Dehra Sahib Sri Guru Arjan Dev
74.3306499,31.553270626168,Bagh-e-Jinnah
74.3263366,31.556612326168,Lahore Zoo
74.308579,31.552520926168,Ghazi Elm Din Shaheed Tomb
74.3048427,31.554004926168,Chauburji
74.3080969,31.568387026168,Lahore Museum
74.3136062,31.574766126168,Qutb-ud-Din Aibak's Tomb
74.3107136,31.587966426168,Badshahi Mosque
74.49621,31.596470026168,3rd Battalion Yaadgar
74.3334371,31.513464026168,Gaddafi Stadium
74.1852443,31.356341526168,Eiffel Tower Bahria Town Lahore
74.4839459,31.575808526168,Jallo Forest Safari Park
74.3120154,31.569813226168,Anarkali Bazaar
74.3236145,31.583280226168,Masjid Wazir Khan
74.3300329,31.505632226168,ABDUR RAHMAN CHUGHTAI MUSEUM
74.3612539,31.530460626168,Lahore Cantt. Railway Station
74.3601931,31.548362426168,Darbaar Hazart Mian Mir Bala Pir
74.3073707,31.568971226168,ZAMZAMAH or BHANGIAN-WALI TOP
74.3173613,31.565297326168,Cathedral Church of The Resurrection
74.3248688,31.560042526168,Islamic Summit Minar
74.4876972,31.583559726168,SOZO Water Park
74.3535083,31.576587826168,National Museum Of Science & Technology
74.300592,31.567397526168,Tomb of Anarkali
74.3405099,31.569309326168,Iqbal Museum
74.3264164,31.582164926168,Delhi Gate
74.3113997,31.589371326168,Samadhi of Maharaja Ranjit Singh
74.2936703,31.606763626168,Kamran's Baradari
74.3195756,31.583117026168,Sunehri Masjid
74.3094779,31.568105126168,Lahore City Heritage Museum
74.3082921,31.567754126168,Govt. Punjab Public Library
74.3316849,31.554240326168,Quaid-e-Azam Library
74.3059025,31.558259026168,"PIA Planetarium, Lahore"
74.3307233,31.510764226168,Tourism Development Corporation of Punjab (TDCP)
74.4804563,31.574922426168,Crown Resort TDCP
74.340489,31.568569026168,Javed Manzil
74.3632377,31.573887926168,Tomb of Ali Mardan Khan
74.3077806,31.567746026168,Baradari of Wazir Khan
74.3620188,31.548314726168,Tomb of Nadira Begum
74.3113498,31.579653126168,Haveli Nau Nihal Singh
74.3177793,31.587152926168,Mosque of Mariyam Zamani Begum
74.3152014,31.590092126168,Samadhi of Bhai Vasti Ram
74.2936703,31.606763626168,Kamran's Baradari
74.2942423,31.542215726168,Zaibunnisa Tomb
74.3640733,31.579204926168,Tomb of Dai Anga
74.3683693,31.585482426168,Tomb of Mian Khan
74.3022551,31.576243426168,Lord Bradlaw Hall
74.304254,31.590353826168,Samadhi of Sir Ganga Ram
74.3137182,31.588419126168,Moti Masjid
74.3039086,31.573942726168,Chillah Gah Hazrat Baba Farid Ganj Shakr
74.3398146,31.564502226168,Bibi Pak Daman Shrine
74.3747971,31.585681926168,Madho Lal Hussain Shrine
74.3640166,31.580896626168,Tomb of Cypress
74.3264164,31.582164926168,Delhi Gate
74.3189375,31.597937526168,Lal Mandir
70.9586918,30.966641626168,Family Park
70.9440917,30.963852326168,Jinnah Park
70.9434415,30.967981426168,Layyah Railway Station
71.2090934,31.164453826168,Wildlife & Forest Park Fatehpur
71.9204203,29.621737626168,Bara mandir
71.9196923,29.623272226168,Jamia Islamia Babul Uloom kahror pakka
71.8993774,29.628073026168,Kahror Pakka Railway Station
71.6310143,29.533103626168,Municipal Children Park
73.6613712,32.479780526168,Tomb of Sheikh Ali Baig
73.6043142,32.657102726168,Chillianwala
73.5182754,32.682739026168,Rasul Barrage
73.5019838,32.297352326168,Qadirabad
73.5290235,32.574179526168,Gurudwara Sahib Chak No 2 Shumaali
73.4916312,32.587286826168,Sadar Gate
73.5047062,32.513201526168,Gurdwara bhai bannu
71.5190604,32.920079926168,Jinnah Barrage
71.5464697,32.587964526168,Dream Land Park
71.804334,32.688567526168,Nammal Lake
71.3355374,32.503247226168,Kafir Kot
71.5512621,32.958035126168,Kalabagh Railway Bridge
71.5473934,32.958530826168,Bohar Bangla
71.5600064,32.955643626168,Mari Indus Railway Station
71.564474,32.942456026168,IWTDC
71.5351294,32.578972826168,Mianwali
71.401727,32.984598726168,Chapri Dam چاپری ڈیم
71.3803035,32.435902826168,Chashma Barrage
71.5484026,32.938239826168,Banyan Tree Park
71.2211825,29.513644726168,Gulzar E Mustafa Park
71.4741132,30.199163126168,Tomb Hamid Ali Khan
71.4515501,30.193677926168,United Mall
71.4765625,30.200434726168,Hazrat Hasan Afghan
71.556088,30.290154326168,CENTRAL SQUARE
73.0565024,33.628631226168,Eidgah Sharif
71.4789277,30.211213926168,Eid Ghah
71.511493,30.190137026168,Jinnah Park
67.0258163,24.812278026168,Bagh Ibn-e-Qasim
71.4822878,30.204029626168,Shah Shams Park
71.47409,30.197746326168,Qilla Kohna Qasim Bagh Stadium
71.4709689,30.197970026168,Multan Art Gallery
71.4840609,30.201155626168,Tomb Shah Shams Sabzwari Tabrez
71.471737,30.199127326168,Tomb of Hazrat Shah Rukn-e-Alam
71.4765479,30.200584626168,Shrine of Bahauddin Zakriya
71.4384475,30.217269026168,Tomb Mother of Shah Ali Akbar
71.4736599,30.198515926168,Fort Kohna Qasim Garden
71.4748165,30.198679026168,Monument of Van Alexander Agnew
71.4318539,30.165269126168,Blue Pottery Multan
74.31343,31.577410026168,Lohari Gate
71.4686501,30.197991126168,Lohari Gate
71.4694422,30.190173826168,Haram Gate
71.4725602,30.188178826168,Pak Gate
74.3264164,31.582164926168,Delhi Gate
74.3306878,31.571275626168,Shrine of Sheikh Musa Ahangar
71.4715624,30.190223526168,Tomb Musa Pak Shaheed
71.471145,30.189640826168,Tomb Sakhi Yahya Nawab
71.4752262,30.187408126168,Khooni Burj
71.4494166,30.193279726168,Ahmad Shah Abdali's Birth Place Monument
71.4677679,30.198770726168,Ghanta Ghar/Municipal Corporation Office
71.4372512,30.190558426168,Saint Mary's Cathedral
71.4243704,30.181448126168,Services Club Multan
73.2158734,34.148952926168,Cantonment Public Park
71.4359661,30.190012326168,Lalak Jan Park
71.4246919,30.196022126168,Multan International Airport
71.441934,30.204796226168,Pak-Italian Modern Burn Centre
71.450459,30.192008026168,Ch. Pervaiz Elahi Institute of Cardiology Multan
71.4637648,30.196994326168,Khuddaka Mosque
73.4007277,33.910335926168,Rock Bistro Bagh - E- shahidan Park
71.4655842,30.182694926168,City Raliway Station
71.4317524,30.182804326168,Cathedral of the Holy Redeemer
71.4782506,30.210266126168,Tomb of Ahmad Saeed Kazmi
74.3398146,31.564502226168,Bibi Pak Daman Shrine
71.4602926,30.179360726168,Tomb Khawaja Awais Khagga
71.4631216,30.196604626168,Tomb Mai Maharban
71.4669084,30.197845726168,Mooltan Khussa Mahal
71.4096837,30.165723026168,Garrison Public Library Multan
71.4847565,30.242524726168,Mall Of Multan
74.1970211,31.333376326168,Sharif Educational Complex
71.4822878,30.204029626168,Shah Shams Park
71.511493,30.190137026168,Jinnah Park
71.4910536,30.180365926168,TEVTA Institute of blue pottery development Multan(TIBPD)
71.5111561,30.209730226168,Daewoo Inter-City Bus Terminal
71.4733459,30.193003026168,Jain Temple Multan
71.4410941,30.132207426168,Suraj Kund Temple
71.451782,30.193668226168,Chen One Tower
71.4664725,30.194777126168,Tomb of Shah Yusuf Gardezi
71.4655566,30.194596526168,Alang Bohar Gate
71.4765479,30.200584626168,Shrine of Bahauddin Zakriya
71.4822878,30.204029626168,Shah Shams Park
71.4506225,30.205023226168,Multan Arts Council Park
71.4530832,30.193822326168,Ramada by Wyndham Multan
71.4845348,30.203170226168,Quaid sculpture with easel by Riffat shaheen
71.4714269,30.197686126168,Nigar Khana
71.4735926,30.193194926168,Jain Digambar Temple
71.4384475,30.217269026168,Tomb Mother of Shah Ali Akbar
71.471737,30.199127326168,Tomb of Hazrat Shah Rukn-e-Alam
74.3127117,31.592887826168,Greater Iqbal Park
71.654258,34.038812726168,Dada Abdul Wahab Shrine
70.9363705,30.570356526168,Shrine Of Hazrat Sakhi Din Panah Rahmat Ullah Alaih درگاہ سخی دین پناہ
71.191462,30.073227026168,Fayyaz Park
70.8506943,29.512447526168,Park Jatoi
71.188919,30.067285526168,Yadgar Club
71.1767436,30.072435026168,Faisal Stadium
70.839765,29.239669826168,Tomb of Tahir Khan
71.2356416,30.139322626168,Bismillah public School Khan Pur Bagga Sheer Muzaffargarh
71.2322124,30.147952826168,Bagga Sher Mosque
71.471737,30.199127326168,Tomb of Hazrat Shah Rukn-e-Alam
71.3006255,30.350764526168,Changa Manga Tila
73.6966535,31.444785426168,Gurudwara Janam Asthan Nankana Sahib
73.6868515,31.406019226168,Nankana Resort
73.0553035,33.619500026168,RAi Bahadur Sardar Soojan Singh Haweeli
73.3834757,31.711087726168,Hill Park Sangla
73.3764299,31.713682826168,Presbyterian Church Of Pakistan Sangla Hill
73.4701497,31.573693526168,Hill Park Shahkot هل پارک شاهکوٹ
74.8953716,32.095425426168,Faiz Ahmad Faiz Park
74.8750591,32.100443826168,Epiphany Church Narowal
75.2384466,32.208589126168,دربار عالیہ بابا حاجی محمد سائیں قریشی الہاشمی رحمت اللہ علیہ
75.1665634,32.260349626168,Saint Hazrat Qutab Shahwali
75.1419622,32.236644226168,Taj PlayLand
75.1665634,32.260349626168,Saint Hazrat Qutab Shahwali
73.8641891,30.378952126168,Head Sulemanki
73.6536977,30.665587626168,Depalpur Fort
73.656651,30.670044626168,Fatima Jinnah Park Depalpur
73.4903045,30.826396726168,Mazar Hazrat Karmanwala Sharif
73.4203719,30.794384326168,District Gymnasium Okara
73.738967,30.830716226168,Tomb Muhammad Ibrahim Daud-e-Sani Kirmani Bandgi
73.4480546,30.813262726168,Safdar shaheed park(company baagh) okara
74.1951275,32.124671126168,Jinnah Park
73.6565642,30.529867426168,Bhoman Shah
73.421336,30.796326626168,New Okara Stadium
73.4903045,30.826396726168,Mazar Hazrat Karmanwala Sharif
73.4423908,30.813389326168,Officers club okara
73.5001376,30.830863626168,Fareed-ud-Din Water Park
73.5129601,30.917033726168,Chakar E Azam Rind Tomb
73.420787,30.818042526168,MIAN ZAMAN PUBLIC PARK
73.4641154,30.843084126168,9 LAKHI KOTHI
73.738967,30.830716226168,Tomb Muhammad Ibrahim Daud-e-Sani Kirmani Bandgi
73.512966,30.915890726168,Satghara Fort
73.738967,30.830716226168,Tomb Muhammad Ibrahim Daud-e-Sani Kirmani Bandgi
73.2740913,30.424143926168,Parnami Mandir
73.3829651,30.340976126168,Hazrat Khuwaja Aziz Makki Sahabi (صحابی رسول)Rasool Sallal Laho Alehay Waslam
73.3879859,30.341148626168,Shrine of Mian Ali Muhammad Khan Sahib of Bassi Sharif
73.2740913,30.424143926168,Parnami Mandir
72.8340393,29.785093226168,Municipal Stadium By Ahmed
70.3035,28.422551726168,Rahim Yar Khan
70.121021,29.546631926168,Harrand Fort
70.8081236,27.855097726168,Islamgarh Fort
70.3309078,28.321568426168,Pattan Minara
70.2605861,28.403008426168,Rahim Yar Khan Wildlife Park
70.4219915,28.358229626168,Sheikh Khalifa Park
67.331444,24.861745226168,Quaid-e-Azam Park
70.3226774,28.408252326168,Jinnah Park
73.2139053,33.717388126168,Park View City Islamabad
70.0865474,28.260479726168,"Government Primary School Abidabad, Bagh-e-Bahisht"
70.1258586,28.298458726168,Askari Family Park
69.9115919,28.423043426168,Jamia Mosque Bhong RYK
70.2984989,28.402178526168,Shahjahan Marquee & Banquet Hall
69.8651042,29.504636226168,Marrri Hill Station
70.3651343,28.959465226168,TDCP
70.3651343,28.959465226168,TDCP
70.36894,28.960676026168,Museum Khawja Farid Shrine
70.3685257,28.960201726168,Shrine Hazrat Khwaja Ghulam Fareedرحمت اللہ علیہ
74.1261982,31.605828126168,Dhingan
70.3754625,28.390724926168,Kfueit Gardens
70.3855215,28.952669326168,Indus Queen
73.5040488,32.006002026168,Sakhi
73.4501094,33.371680426168,Sangni Fort
73.121239,33.768722726168,Loh-e-Dandi
73.5324597,33.733173326168,Panjpeer Rocks
73.5188857,33.647349826168,Forest Rest House Punjar
73.5313889,33.658055626168,Kaloian Forest
73.05275,33.601861126168,Krishna Temple
73.0608113,33.618076826168,Haveli Sujan Singh
73.3808824,33.416762726168,Bedi mahal kallar syedan
73.340278,33.718889026168,Simly Dam
73.0861197,33.745750626168,Forest Nursery
73.5255463,33.808162226168,Kotli Sattian
73.5350625,33.820687526168,CHEVRA Hill Top Kotli Sattian
73.4476091,33.802314226168,Sangsiri Forest Park
73.3829047,33.740021626168,Bissa Waterfall
73.5233858,33.810968626168,Kotli Sattian Watch Tower
73.4947402,33.819791726168,Phofandi Hill Top Kotli Sattian
73.4782543,33.774735226168,Sangri Hill Top Kotli Sattian
73.5022996,33.713981026168,Parndla Valley Kotli Sattian
73.510878,33.747671126168,Kamra Shareef Kotli Sattian
73.5055324,33.783041226168,Rooh Waterfall Kotli Sattian
73.3858817,33.912624226168,Murree Biodiversity Park - EPD Punjab
73.3682,33.895050026168,Ghora Gali Chair Lift
73.3927415,33.905847626168,TDCP Tourist Information Center
73.3789745,33.893164126168,Pindi Point
73.3783474,33.892974726168,Pindi Point Chair Lift
73.3840779,33.897938726168,Roman Catholic Church
73.392116,33.905205226168,Mall Road
73.3916839,33.905596126168,The Holy Trinity Church
73.3921701,33.905173526168,Iqbal Municipal Library
73.3946532,33.906986526168,GPO Building
73.4025506,33.911332726168,Kashmir Point
73.2773884,33.821603926168,TDCP Restaurant
73.4581357,33.872696026168,Patriata Chair Lift
73.4039554,33.913459226168,TDCP Safari Road Train
73.3853125,33.855687526168,TDCP HillTop Resort Khajut
73.4519048,33.955409826168,Bhurban
73.4389951,33.883327326168,TDCP Charehan Resort
73.3593689,33.882486926168,Murree Brewery
73.4101018,33.916949826168,Government House Murree
73.4007277,33.910335926168,Rock Bistro Bagh - E- shahidan Park
73.4011301,33.909478626168,PIA Park Murree
73.4595002,33.816115926168,Forest Rest House Bunn
73.159917,33.566518226168,Natural Forest
73.4588558,33.874295426168,TDCP
73.0723764,33.584159426168,Jinnah Park Rawalpindi
73.0832817,33.571870426168,Ayub National Park
73.1941682,33.498257626168,Rawat Fort
73.2435294,33.448110226168,Mankiala Stupa
73.0760641,33.651551626168,Rawalpindi Cricket Stadium
73.04361,33.599040026168,Roomi Park
72.9265655,33.730062426168,Losar Baoli - Losar Stepwell
73.060603,33.614613326168,Ganesha Temple
73.0515961,33.614138426168,Raja Bazar
73.0375756,33.581672626168,Tench Bhatta Bazar
72.9476309,33.670568526168,Golra Railway Station
72.9477243,33.670543626168,"Golra Sharif Railway Museum,"
73.0783829,33.646763626168,Sightseeing Twin Cities
73.06417,33.606170026168,Liaquat Bagh
73.0656784,33.604250326168,Sports Complex Liaquat Bagh
73.3842702,33.661639226168,Nila Sandh
73.5107659,33.747601126168,Hazrat Sain Tikka Sarkar Qadri Qalandari
73.0541679,33.586685026168,Army Museum
73.050676,33.592041526168,Garrison Officers Mess
73.2997548,33.619860426168,Fort Pharwala
72.8288004,33.764437226168,Jandial Remains
72.8532369,33.727849026168,Kalawan group of buildings Punjab UNESCO WHS
72.8191594,33.743915026168,Bhir Mound
72.903237,33.680740626168,Sarai Kharbuza
73.1305349,33.715497526168,LAKE VIEW PARK
73.5674984,33.360531226168,Dhangali New Bridge
73.1273084,33.577182426168,Loi Bher Safari Park
72.7012184,33.801275626168,Wah Gardens
72.817581,33.746324326168,PTDC
72.818689,33.745936026168,Taxila Museum
72.8293341,33.757673726168,Sirkap Remains
72.8179766,33.763332526168,Sirsukh
72.8444554,33.758901226168,Gandhara Art village taxila
72.860747,33.760742026168,Mohra Moradu
72.8421734,33.744571226168,Dharmarajika Stupa And Monastery
72.7924225,33.710701226168,Faisal Hills Arc Monument
72.8248806,33.703060126168,Nicholson's Monument
73.0684359,33.715306126168,Blackstone Properties Private Limited
72.8634056,33.787388326168,Jinnan Wali Dheri Site Remains
72.818689,33.745936026168,Taxila Museum
72.6834831,30.547385926168,Forest Rest House
72.6974656,30.548048126168,Rest House Park
73.1201419,30.671018426168,Faridia Park فریدیہ پارک
73.1026881,30.657102726168,Kanan Boating Park
73.1028725,30.679975826168,Nawaz Sharif Park
72.866202,30.625258926168,Harappa Ancient Tamizh City
73.1010687,30.654508626168,Sahiwal
73.0952071,30.657163126168,Azaan Heights
73.094112,30.656221326168,Jinnah Public Library جناح پبلک لائبریری
73.2349375,30.720562526168,Qadirabad Coal Fired Power Plant Sahiwal
72.8929,30.611015026168,Harappa
72.866202,30.625258926168,Harappa Ancient Tamizh City
72.9067588,30.598518326168,Harappa Railway Station
72.9110375,32.477727226168,Shershah Suri Mosque
72.9196376,32.479764926168,Gulabgarh Temple
74.3036171,31.573339926168,Jinnah Hall
72.8864936,32.453982226168,Hascol Cargo Petrol Station - M2 North
72.9069367,32.481183126168,Lalo Wala Darwaza
73.1112319,33.745302626168,Shrine Of Hazrat Bari Imam Sarkar
72.9110375,32.477727226168,Shershah Suri Mosque
72.9078068,32.480236526168,Shrine of Peer ShamsulAmeer
73.2455741,32.111173826168,Takht Hazara
73.2016947,32.065113426168,Old Banyan Tree
72.3298689,31.972979226168,Lahori Gate
72.6853376,32.079503626168,Kids City (Childeren Park)
72.6869095,32.079118726168,Rehmat-ul-lil-Alameen Park Play Land
72.666646,32.083345026168,Company Garden
72.6744593,32.077178126168,Sargodha Gymkhana Club
72.7029264,31.966737926168,Kirana Hills
72.6417265,32.098035326168,Remount Depot
73.2016947,32.065113426168,Old Banyan Tree
72.8881006,32.455265726168,Bhera Motorway Service Area - South Bound
72.9288427,32.482249126168,Railway station
72.9196376,32.479764926168,Gulabgarh Temple
72.9110375,32.477727226168,Shershah Suri Mosque
74.2689615,31.822290826168,Lahore Country Club
73.9920965,31.712447826168,Ghanta ghar clock tower
73.9552832,31.743108026168,Hiran Minar Park
73.9902589,31.708942726168,Sheikhupura Fort
73.9804517,31.713498026168,Company Bagh
73.9164615,31.817640726168,Shrine Hazrat Peer Syed Waris Shah
73.7973319,31.750115426168,Gurdwara Sacha Sauda
73.9595475,31.736579826168,Hiran Minar Water Park
74.7050389,32.346749326168,Shuhada Park
73.0826918,33.717601126168,Police Martyrs Memorial
74.6572431,32.257289326168,Nawaz Sharif Park
74.550509,32.056419326168,UP Church of Pakistan
74.5316807,32.293891426168,Kotli Baba Faqir Chand
74.5414048,32.493720626168,Sialkot Fort
74.5500932,32.495327926168,Jubilee Church
74.5496238,32.498885326168,Govt Murray Graduate College Sialkot
74.5642698,32.520041926168,Holy trinity catheral church
74.5539737,32.500840326168,Jinnah Stadium Sialkot
74.5564175,32.516179726168,Sialkot Clock Tower
74.4643879,32.672399126168,Head Marala
74.5429712,32.491768126168,Iqbal Manzil [Residency of Allama Muhammad Iqbal]
74.5450258,32.490904526168,Jagannath Temple
74.4810947,32.436241226168,Catholic Church Adha
72.9516435,32.723988626168,Katas Raj Temples
73.6966535,31.444785426168,Gurudwara Janam Asthan Nankana Sahib
72.6748573,30.715823226168,Kamalia wildLife Park
72.4781267,30.981662626168,Sports Stadium
73.347677,33.339975926168,Baba Rodey Shah
72.7589046,30.055556826168,Shrine Hazrat Baba Haji Sher Muhammad Dewan
72.7589046,30.055556826168,Shrine Hazrat Baba Haji Sher Muhammad Dewan
72.7589046,30.055556826168,Shrine Hazrat Baba Haji Sher Muhammad Dewan
72.0221958,29.773530026168,Faisal Masood Jhandir Library
72.2477322,29.726761526168,Head Syphon
72.550799,29.825834026168,Islam Headworks
72.3507219,30.037462626168,"Wildlife Park, Vehari"
72.3527567,30.038966526168,Fareed Joy Land
72.550799,29.825834026168,Islam Headworks
69.5719478,31.334389526168,Silyazai
69.356283,30.947419026168,Sabakzai Dam
72.5508303,34.138513226168,Sheen Ghar Restaurant
66.7308333,29.049722226168,Harboi
67.1316505,28.146207326168,Moola Chotok Waterfalls
65.7728384,29.462143026168,Zangi Nawar Lake
73.0728916,33.641407026168,Historical islamic graveyard.(قبرستان مقبوضۂ اہل اسلام)
65.5179574,25.514550426168,Shaktipeeth Shri Hinglaj Mata Temple
66.2113916,26.394362326168,Gondrani (Shehr-e-Roghan)
61.7421545,25.046372426168,Jiwani Beach
63.4790696,25.260559326168,Pasni City Beach
65.4597992,25.391332226168,Kund malir Beach
62.362681,25.189283326168,Gwadar Beach
67.7168905,30.393900226168,Ziarat
67.2468424,30.263960126168,Walli Tangi Dam
67.1316505,28.146207326168,Moola Chotok Waterfalls
74.8036186,35.349371026168,Rama Meadows
74.5891446,35.237503826168,Nanga Parbat
74.5061171,35.533272026168,Lashnot Mosque
73.5802778,35.776111126168,Chilidar
76.3456115,35.157018926168,Khanqah-e-Mualla Sofia Noorbakhshia
76.6950583,35.139990726168,Palit Polo Ground
75.7398812,35.423857026168,Imambargah Halpapa
75.4718236,34.970507726168,Deosai National Park
74.7113051,36.819214126168,Kalam Darchi Fort
74.3796883,36.567049226168,Sani Pakush
74.7051641,36.324680326168,Shahabad Duiker Waterfall
74.0588888,36.291111126168,Shani Peak
74.4661111,36.336944426168,Maiun Chhish
74.5233333,36.510000026168,Batura Sar
74.6808333,36.440833326168,Shisparé Sar
74.7166666,36.390833326168,Ultar Sar
74.8752594,36.003701426168,Malubiting
75.1813506,34.751801426168,Rainbow Lake
75.0779057,34.791764426168,Minimarg
74.7856385,35.330393326168,Rama Lake
74.7667957,35.481800026168,Dashkin
74.9338974,35.205849826168,Khume
75.2494444,34.757777826168,Deosai Pass
74.7277436,35.237809726168,Nanga Parbat Tarishing Cottage
74.8742872,35.374395226168,Parishing Gah
74.9816982,35.209314526168,Burbina Gah
74.8263981,35.208638526168,Parjot
74.580726,35.364783426168,Nanga Parbat Base Camp Trail
74.7936827,35.334925626168,Mini Rama Lake Astore
75.233321,34.992468326168,Shausar Lake
74.9033659,35.203661726168,Nabola Medows
75.3323715,35.003665826168,Chota Pani
75.5425021,35.089184426168,Deosai Top & Sadpara Broque
75.517402,35.081782326168,Deosai Top
74.6667492,35.633265826168,Astore Wildlife Sanctuary
75.0139681,35.384279026168,Allah Wali Lake
74.8543254,35.342614026168,Eidgah polo ground
74.8100968,35.357512526168,Rama rest House
74.810123,35.357495026168,PWD Rest House
74.8419405,35.281968726168,Gorikot
74.4369444,35.131388826168,Toshe Ri I
74.7037405,35.221798626168,Rupal
74.5994152,35.434520926168,Tattu
74.5975616,35.441545126168,Tattu Bridge
74.7966079,35.451648826168,Harcho
73.5857938,35.616099626168,Common Spaces Biro Kot Biyak
74.0477099,35.202055626168,Historic Rest House
73.8383624,35.465697326168,Maroska Rest House
73.5857128,35.616118826168,Biro Kot Mosque
73.4423439,35.664234826168,Gayal Mosque
73.8280134,35.392852926168,Thore Kot Mosque
74.047398,35.199383026168,Polo Ground Babsar
74.1098685,35.425348526168,Butogah Polo Ground
74.108221,35.403708126168,Polo Ground Chilas
73.617386,35.660669526168,Gumari Polo Ground
73.4541993,35.636649326168,Shumari Polo Ground
74.5059656,35.532590426168,Lashnot Watch Tower
74.5785485,35.387319126168,Fairy Meadows
74.0481716,35.146236026168,Babusar Pass
74.108536,35.428403926168,rock inscriptions
73.7370586,35.520456026168,Diamer Basha Dam Site
74.0904655,35.431273726168,Bab-e-Chilas
74.015252,35.368195626168,Bulo Gah
73.686569,35.801559026168,Nayachut
73.630096,35.709610026168,Rajikot
73.4560825,36.227497026168,Gupis Fort
73.4215849,36.238502526168,Jamatkhana Hamardas
72.9194798,36.167325626168,Phander Valley
73.3325516,36.369353526168,Yasin Valley
73.7426376,36.567701426168,Handis Valley
73.7426376,36.567701426168,Handis Valley
72.9467948,36.173298126168,Phander Lake
73.6458551,36.080487426168,seku gah lake
73.442093,36.227409026168,Gupis
73.4650956,36.106981326168,Kofgah Lake
73.7036514,36.878824026168,Karambar Lake
73.3627645,36.249152226168,Khalti Lake
72.5352716,36.078807426168,Shandur Lake
73.4186111,36.744722226168,Darkot Pass
73.8613867,36.601332226168,Ishkoman Lake
73.4066025,36.642468426168,Gamoo Bhr Lake
72.6136385,35.994248126168,Baha Chhat
72.8061263,36.183942626168,Kinisoteko Lake
73.9950638,36.332264926168,Hayal Pass
74.1011866,36.182111726168,Bichhar-Pass
74.099337,36.784695926168,Chillinji Pass
72.6469444,36.258888926168,Chumarkhan Pass
73.2416666,36.730833326168,Koyo Zom
73.7027155,36.224807926168,Hopar Garden
73.7712326,36.174834626168,Forest Recreational park Gahkuch
74.0821496,36.239726026168,Naltar Lakes
74.3049462,35.922139426168,British Cemetery
74.4635653,35.881996426168,"Kargah Buddha, Yshani"
74.3392427,35.900800826168,Taj Mugal patthar mitti
74.3860542,35.912926226168,China Yadgar
74.3083838,35.917907626168,Old Polo Ground
74.3209874,35.915064026168,City Park
74.9865103,35.933513226168,Haramosh Glacier
74.8861643,35.893909926168,Kutwal Lake
74.619731,35.745023526168,The Three Mountains Junction View Point
74.3232916,35.924063826168,"Yaadgar-e-Shuhada, Gilgit"
74.1786006,36.165379926168,Naltar Valley
74.3257606,35.923914726168,GDA Family Park Gilgit
74.3181998,35.914208626168,"Dadi Jawari Park, Women Park"
74.3391532,35.876837726168,Wildlife Hut Jutial
74.1375255,36.207011126168,Snow leopard Sanctuary
74.3050991,35.923044226168,Gora Qabristan
74.3908263,35.901742626168,Gilgit Bridge
74.3720455,35.925081126168,"Bireno Suspension Bridge, Danyore"
74.1069282,36.232019826168,Bashkiri Lake
74.1002887,36.236520126168,"Blue Lake, Nalter"
74.0863979,36.238988326168,"Murky Lake (Naltar Lake), Naltar"
74.5433988,35.841779126168,Chhamugarh
74.2934699,36.073750126168,Nomal Valley
74.298621,36.124015226168,Rahim Abad
74.0908333,36.460000026168,Purian Sar
74.7951454,36.002233126168,Phuparash Glacier
74.3194292,36.107502026168,Bartar Nala
74.399113,35.900301626168,"Old China Bridge, Danyore"
74.5263509,35.842589426168,Chamugarh Suspension Bridge
74.3726885,35.924900826168,Dayore Core
76.345354,35.157124226168,Astana Syed Mir Muhammad
76.1839494,35.237512726168,Khanqah-e-Moallah Balghar
76.4192398,35.251759126168,Khanqah-e-Moallah Haldi
76.3903028,35.266024226168,Khanqah-e-Moallah Talis
76.3903028,35.266024226168,Khanqah-e-Moallah Talis
76.5286434,35.194585226168,Hazmir (Hazrat Mir) Mosque
76.3457586,35.157465326168,Choopi Astana
76.7578188,35.143288126168,Sakisa
76.7542121,35.140862426168,Gagulu
76.3156045,35.188587726168,Soghaa
76.4454628,35.151805526168,Surmo
76.461739,35.098572026168,Lunkha
75.9285416,35.237170426168,Dangah
76.3439443,35.151319126168,Hatchi Mosque
76.5718283,35.200707426168,Broqkhor Mosque Gone
76.3560691,35.186339426168,Chumik Khari Mosque Saling
76.5284923,35.194695426168,Khanqah-e-Moallah Pharawa
76.3737089,35.190679826168,Khanqah-e-Moallah Saling
75.946945,35.230390126168,Khanqah-e-Moallah Keris
76.2077165,35.251266126168,Kharkoo Polo Ground
76.3305556,35.156111126168,Chaqchan Mosque
76.335277,35.151727226168,Serena Khaplu Palace
76.3369047,35.149883126168,Yabgo Polo Ground Khaplu
76.4208755,35.251505926168,Haldi
76.8411111,35.451666726168,Saltoro Mountains
76.3977304,35.242129826168,Machlu
76.2051793,35.171491226168,Lake Kharfak
76.3062018,35.642015426168,Masherbrum
76.5415978,34.970131926168,Hassanabad Chorbat
76.3885441,35.176828226168,Saling bridge
76.2623945,35.201684826168,Barah Valley
76.192864,35.236777326168,Daghoni Balgar
76.1595345,35.183055626168,Yugo
76.0594972,35.183534526168,Ghawari
76.7235513,34.933594126168,Fraono
76.7193781,34.921938526168,Siari
76.2689534,35.201949426168,Waterfall Barah Bala
76.1892837,35.195892726168,Kharfaq Waterfall
76.394937,35.283893326168,Bale Gond Suspension bridge
76.3882606,35.291748126168,Brale Gone
76.3385162,35.150535426168,Gamba Bathong
76.5286434,35.194585226168,Hazmir (Hazrat Mir) Mosque
76.1861035,35.239148626168,Balghar Polo Ground
76.3456115,35.157018926168,Khanqah-e-Mualla Sofia Noorbakhshia
76.5944575,35.204950626168,Jamia Mosque Dumsum
76.2019014,35.249873026168,Khanqa sofia noorBakhshish Daghoni
76.345354,35.157124226168,Astana Syed Mir Muhammad
76.347394,35.156870426168,Banpi Mosque Khaplu
76.3888444,35.266470126168,Amir Kabir Mosque
74.3056796,35.923565626168,Aga Khan Shahi Polo Ground
75.6371851,35.491934026168,Braqchan Mosque
76.2071737,35.251487626168,Daghoni polo ground
76.5923388,35.199037526168,Dumsum Rock Carvings
76.3305556,35.156111126168,Chaqchan Mosque
76.3558123,35.186382526168,Buddha Rock Carvings
76.1570982,35.309581226168,Tassu Mosque
76.1510092,35.316832326168,Chundu Mosque
76.7222989,34.936339026168,Khari Mosque Frano
76.0784263,35.170784026168,Khanqah-Moallah Ghowari
75.7398812,35.423857026168,Imambargah Halpapa
75.5684254,35.589695126168,Kashmal
75.5547622,35.608929926168,Yuno Mosque
75.5913702,35.685509726168,Biangsa
75.7422618,35.422854026168,Serena Shigar Fort
75.7381968,35.422367726168,Mir Yahya Astana Shiger
75.7386145,35.422478726168,Khanqah Mualla Sofia Noorbakhshia
75.7386145,35.422478726168,Khanqah Mualla Sofia Noorbakhshia
75.7432464,35.422197026168,Khilingrong Mosque
75.7378758,35.432556326168,Qasimabad Broqkhoor
75.7399553,35.413235026168,Amburiq Mosque
75.7381484,35.419081726168,Shigar Polo Ground
75.7432464,35.422197026168,Khilingrong Mosque
75.7386145,35.422478726168,Khanqah Mualla Sofia Noorbakhshia
75.7000757,35.362219626168,Jarba Zhou Lake
76.3713008,35.736200226168,Baltoro Glacier
76.5151001,35.879987526168,K2
75.6583333,36.042500026168,Lukpe Lawo
75.6688104,35.345693126168,Sarfa Rangah
76.5147031,35.879850926168,K2 National Park
76.3608333,35.828333326168,Muztagh Tower
75.7095266,35.474099326168,Skoro
76.4333333,35.829166626168,Praqpa Kangri
76.2383333,35.803333326168,Biale Kangri
76.575,35.613333326168,Chogolisa
76.6733333,35.639166626168,Baltoro Kangri
76.8462968,35.399580126168,Saltoro Kangri
76.5975,35.447500026168,Link Sar
76.8010747,35.517548126168,Ghent Kangri
76.2158333,35.443333326168,Honboro Kangri
76.5965,35.203261226168,Dansam
76.9691666,35.081666626168,Gharkun
75.8174418,35.682351926168,Askole
75.8141728,35.674264226168,Korphe
75.8504904,35.663881326168,Breadang
75.3350231,35.866646226168,Arando
75.4093433,35.703634826168,Chu Tran
75.4863888,35.809999926168,Ganchen
75.7533333,35.750000026168,Gama Sokha Lumbu
76.0472222,35.796111126168,Surgus Glacier
75.9983333,35.904444426168,Panmah Glacier
76.1947222,35.781944426168,Dunge Glacier
76.0316667,35.834444426168,Feriole Glacier
76.0469444,35.783611126168,Borum Glacier
76.8462968,35.399580126168,Saltoro Kangri
75.6769703,35.512821126168,Khanqah-e-Moallah Hashupi
73.0931461,33.729388126168,Islamabad Sacrteriate Mosque
75.7029281,35.473978826168,Khanqah-e-Moallah Churka
75.6384156,35.528896126168,Tiagrong Mosque
75.6353564,35.525482826168,Khanqah-e-Moallah Alchori
75.7381968,35.422367726168,Mir Yahya Astana Shiger
75.6336701,35.268511226168,Buddha Rock
75.6871788,35.487009326168,Khanqah-e-Moallah Soguldo
75.6891744,35.486592726168,Chaqpagrong Mosque
75.6869233,35.494370026168,Troopi Mosque
75.5377583,35.628722926168,Thandoro Mosque
75.7433399,35.422257626168,Raja Mosque Shiger
75.7409145,35.423195626168,Chinpa Mosque Shiger
75.7383483,35.427676226168,Sergrong Mosque
75.714088,35.476791026168,Namika
75.7399553,35.413235026168,Amburiq Mosque
75.6395472,35.303780926168,Kharphocho Fort
75.6423365,35.287551726168,Mondoq Palace
74.3491709,35.915812626168,Polo Ground
75.6372957,35.300423926168,Maqpoon Pologround Skardu
75.6336701,35.268511226168,Buddha Rock
75.4453973,35.446695126168,Upper Kachura Lake
75.4552287,35.426779426168,Lower Kachura Lake
75.6295375,35.229384326168,Satpara Lake
75.6412001,35.279100326168,City Park Skardu
75.5872737,35.313230326168,Glamp Pakistan
75.4453973,35.446695126168,Lake View Park
75.5509602,35.324710226168,Central Karakoram National Park
75.4553417,35.446878426168,Kachura Forest
75.4549375,35.428562526168,Shangrila Park
75.4520497,35.428622226168,Adventure's Tourist Camping Resort
75.5509602,35.324710226168,Central Karakoram National Park
75.583765,35.293537026168,Ibex Farm House
75.1015661,35.558506326168,Thorchay valley
75.5996073,35.315805026168,Katpana Desert
75.5996073,35.315805026168,Katpana Desert
75.4448748,35.448120126168,Upper Kachura Lake
75.4708333,35.533333326168,B21
75.6541666,35.596666626168,Koser Gunge
75.9071272,35.180441326168,Sermik
75.7036236,35.288850726168,Hussainabad Waterfall
75.5600713,35.360564826168,Kowardo Suspension Bridge
75.6372957,35.300423926168,Maqpoon Pologround Skardu
74.669776,36.325640726168,Baltit Fort
74.6811672,36.317255426168,Altit Fort
74.8653331,36.319042426168,Attabad Lake
74.8315224,36.200239926168,Blue Lake
74.8803172,36.458213826168,Passu Lake
74.8627747,36.430833326168,Borit Lake
74.650118,36.370035626168,Hunza Peak
74.6743736,36.396343926168,Lady Finger
74.274977,36.835492726168,Baba Ghundi Ziarat
74.8816875,36.423187526168,Hussaini Suspension Bridge
75.0258333,36.348333326168,Lupghar Sar
74.8806744,36.486307426168,Passu Cones Viewpoint
74.8448648,36.657204226168,Sost
75.620632,36.503446026168,Khunjerab National Park
74.6865402,36.312838226168,Sacred Rocks of Hunza (Haldeikish)
74.998614,36.862630026168,Khunjarab National Park Entry Point
74.8487732,36.648553626168,Gircha
74.597566,36.299243026168,Taltaq Das Community Park
74.8651498,36.389050626168,Gulmit
75.3266416,36.435922126168,Shimshal
75.0808333,36.611666626168,Karun Kuh
74.8609472,36.618419626168,Jamalabad
75.3422222,36.739166726168,Chapchingal Pass
74.8823614,36.443218026168,Zarabad Viewpoint
74.6907288,36.324375326168,Duiker Hill
74.8515189,36.360656626168,Gulmit Waterfall
74.8009955,36.411264026168,Gulmit Glacier
74.8068454,36.427886626168,Ghulkin Glacier
74.8613654,36.378899226168,Chaman Gul
74.7732056,36.469764526168,Pasu Glacier
74.5883333,36.487500026168,Pasu Sar
74.6810274,36.540898526168,Batura Glacier
74.0908333,36.460000026168,Purian Sar
74.5866026,36.813550526168,Wuch Kirmin
74.512391,36.824169426168,Reshit
74.4276478,36.829853026168,Zuwudkhoon
74.877714,36.426682426168,Hot Spring
74.8358333,36.950555526168,Kharchanai
74.0886111,36.719444426168,Koz Sar
73.8824999,36.569166626168,Shiniki
74.8489925,36.648579526168,Old Mosque Gircha
74.6683776,36.326001126168,Rafi Memorial House & Shah-e-Mardan Mosque
74.6865402,36.312838226168,Sacred Rocks of Hunza (Haldeikish)
74.6383436,36.314281426168,Chumar-Khun Mosque
74.7113051,36.819214126168,Kalam Darchi Fort
74.5360751,36.250922126168,Minapin
74.8592778,36.409460326168,Mula Durbeen Mosque
74.4774741,36.243176226168,Ghulmet
74.2795524,36.257801926168,Chaprot
74.4875128,36.239517126168,Rakaposhi View Point
74.6611977,36.120682226168,Diran
74.7684517,36.214772626168,Hopper Valley
74.9895503,36.174618626168,Hisper
75.2683702,36.085481626168,Hispar Glacier
75.7894716,35.819741526168,Biafo Gyang Glacier
74.8825099,36.174490526168,Rush Lake
74.6634855,36.297002626168,Mamubar Camping
74.4762601,36.242037426168,Ghulmet Fort
74.2792774,36.261153926168,Chaprot
74.3338194,36.279621226168,Budalas
74.2854199,36.380168826168,Bar Khass Chalt
73.7447222,36.796666726168,Chiantar Glacier
74.251935,36.532307526168,Bara Darakush
74.4750161,36.242473626168,Hazrat Shah Waliyullah Astana
74.5961207,36.262799126168,Phakker
74.5741552,36.245348126168,Miachar
67.9195741,27.379346026168,Nasirabad
67.8430065,28.006273426168,Jafarabad
74.322578,36.251247226168,Chalat
68.3398896,25.398845826168,Qasimabad
74.4604752,36.244627726168,Khanabad Suspension Bridge
74.4357089,36.239622626168,Thol
74.816667,36.200000026168,Haru Harai
74.8229316,36.200952526168,Barpu Glacier
74.8605173,36.407919526168,Polo Ground (Shabaran)
74.7588804,36.220545426168,Brushal Niyazo Mosque
74.5258213,36.248245226168,Pisun Village
75.9954033,35.066311226168,Manthokha Waterfall
75.9954033,35.066311226168,Manthokha Waterfall
76.1271302,35.019377526168,Paari Bridge
76.3184732,35.021142326168,gaeche jheel
75.6862577,35.292038926168,Kharmang Baltistan
76.1928704,34.845932926168,Shiriting ( khamosh) waterfall
75.9576417,35.141685526168,Doqbar
75.9833331,35.093052226168,Ghasing
76.197227,34.892700026168,Papaldo
76.1942882,34.814352926168,Hamzigond
67.0395254,24.874631826168,"Mazar-e-Quaid, Jinnah's Mausoleum"
67.2714356,24.864383826168,Chaukundi Tombs
67.0327375,24.851260826168,Quaid e Azam House Museum
67.0960716,24.870899226168,Pakistan Air Force Museum
67.0261184,24.813612026168,Jehangir Kothari Parade
66.9909885,24.844985726168,Port Grand karachi
67.01146,24.809649826168,"Clifton Beach, Karachi"
67.0899932,24.885636326168,Pakistan Maritime Museum
66.916667,24.850000026168,Shams Pir
67.0867866,24.750515826168,Do Darya
67.3876287,25.017747826168,The Great Fiesta Family Water Park
67.089838,24.887577026168,Arena
67.0181618,24.821231226168,Boat Basin
67.0341047,24.820997326168,Do Talwar Clifton دو تلوار کلفٹن
67.0284939,24.855533626168,Zainab Market
67.0300002,24.852681926168,Holy Trinity Cathedral
67.0348294,24.861805626168,St. Patrick's Cathedral
66.9994143,24.848438426168,State Bank Museum & Art Gallery
66.9973972,24.850918726168,Wazir Mansion ( Quaid-e-Azam Place)
67.112785,25.244164026168,Hub Dam
67.0609361,24.890850426168,Babul Madina'Faizan E Madina Karachi
66.6615571,24.832324426168,Cape Mount
67.0238184,24.826382726168,Shaheed Benazir Bhutto Park
67.0958059,24.913595726168,Aziz Bhatti Park
67.054,24.802940026168,Hilal Park
66.7752569,24.843112626168,"Paradise Point, Pakistan"
67.074938,24.885307026168,VM Art Gallery
67.273068,24.957339526168,Picnic World Water Park
67.0990284,24.915664426168,Sindbad Amusement park
67.037033,24.797175526168,A.K. Khan Park
67.033333,24.833333026168,Bath Island
67.0376382,24.814784226168,Zamzama Park
67.0049211,24.853535826168,Denso Hall
66.8636615,24.860170326168,Hawke's Bay Beach
67.0673898,24.882213326168,Grappetite Chowrangi
67.1923037,25.060277726168,Cosy Water Park
67.1775322,25.243141726168,Hub Dam Wildlife Sanctuary
66.9973152,24.848918626168,Merewether Clock Tower
66.839556,24.861242026168,Hawksbay Resort
66.9776374,24.794088226168,Manora Lighthouse
67.0274347,24.804071626168,Beach View Park
67.035556,24.823889026168,Ocean Towers
67.0308164,24.810659526168,Shrine Hazrat Syed Abdullah Shah Ghazi
67.0978402,24.774253726168,DHA Golf Club Karachi Sindh
66.9708555,24.797575226168,Varun Dev Temple
67.1879375,24.898562526168,Quaid-e-Azam Park
66.9909918,24.844710726168,Native Jetty Bridge View Point
67.0306581,24.874233426168,Shree Punch Mukhi Hanuman Mandir
66.97609,24.849063526168,Karachi Fish Harbour
67.0640193,24.894620726168,Askari Amusement Park
66.9634317,24.818324526168,Bhit Island
66.6924458,24.879669026168,Sunhera Beach
67.409234,24.778381826168,Russian Beach
67.1896758,25.073299226168,Samzu Park By Ruknuddin Group
67.0899875,24.885633526168,Maritime Museum
66.6615571,24.832324426168,Cape Mount
66.9098222,24.840407726168,Sandspit Beach
67.0273769,24.865151326168,Karachi Goan Association
67.0434679,24.940688726168,Mufti Ramzan Family Park & Mini Zoo
68.3771529,25.386281226168,Pakka Qilla
68.3629632,25.414142126168,Tomb of Mian Ghulam Shah Kalhoro
68.3379513,25.384830326168,Sindh Museum
68.3708046,25.386258826168,Mukhi House Museum
67.1783867,24.991960226168,Al Mehran Water Park
68.8885315,27.693733726168,Lansdowne Bridge
68.658899,27.416722526168,Naro Dhoro jo Daro
68.8784346,27.693662626168,Sadh Belo
68.8664371,27.694612126168,Mir Masoom Shah Minar
68.8471155,27.673284026168,Lloyd Barrage Museum
68.8952881,27.694347326168,Waar Mubarik
68.8855604,27.692385026168,Tomb of Seven Sisters
68.9311244,27.626398226168,Kalka Devi Cave Temple
68.135689,27.324293326168,Mohenjo-daro
68.2045134,27.550484426168,Sambara Inn
68.2154943,27.559527926168,Zulfiqar Bagh Larkana
68.2236875,27.558687526168,Shah Baharo Tomb larkana
69.7338563,25.363814426168,Umerkot Fort
69.4501025,24.844873626168,Naukot Fort
69.7379608,25.343591626168,Sooraj Park
69.7376286,25.354928026168,Umarkot
67.4509061,24.142945326168,Keti
68.058127,24.902997026168,Keenjhar Lake Resort (STDC)
67.9012839,24.755598426168,Tomb of ISA khan Tarkhan ll
67.9275421,24.746880926168,Shah Jahan Masjid Thatta
67.7794817,24.805910726168,Haleji Lake
67.9029163,24.761925026168,Tomb Of Dewan Shurfa Khan
68.3143632,24.814857526168,Roza Sufi Shah Inayat Shaheed
67.8990524,24.751320326168,Makli Necropolis
68.5126895,27.305672126168,Dargah Hazrat Sachal Sarmast
68.6188406,27.594689126168,Dargah Rozay Dhani
68.5009843,27.287372526168,Hazrat Pir Syed Ahmed Shah Ghazi Jillani
68.7546216,27.538438426168,Faiz Mahal
68.8251075,27.000025026168,Nara Desert Wetland Complex
68.7174682,27.347795426168,Sheesh Mahal or Shahi Mahal Kotdiji
73.3683743,33.889758826168,Murree Wildlife Park
68.7623644,27.530353426168,Nasb-e-Ziarat Bibi Sakina(as) Khairpur
67.5579702,27.009805126168,Tomb of Fareed Fakir Laghari
68.7557164,27.536487726168,Sachal Sarmast Sindh Govt Library
68.1063982,26.320920926168,Kot Jam Karim Ali Unar
68.632669,26.297688026168,Dargah Jam Dataar
68.4023592,26.241424626168,HM Khoja Park
68.3477149,26.319907226168,Baloo Ja Quba
68.2584642,26.150257226168,Dargah Pir Zakri
68.4332341,28.275335926168,Jacobabad junction Railway Station
68.7253251,25.468501626168,Central Jamia Mosque
67.7158766,26.646158226168,Mian Yar Mohammad Kalhoro Tomb
68.0131059,27.128285426168,Hazrat Syed Sakhi Saedi Moosani Sindh
67.4491367,26.450364326168,Gaji Shah Mazar
67.6110985,26.689406126168,Qubi Temple
67.1512568,26.862822426168,Z A Bhutto Park
67.6423801,26.448959726168,Manchar Lake
67.8027152,26.666771126168,Dadu Canal
67.3294806,26.868424226168,Nai Gaj
67.9025567,26.267257626168,Dargah Hazrat Syed Laki Shah Saddar
68.3256299,25.539326226168,Cadet College Petaro
71.0649937,24.399888726168,Churrio Jabal Durga Mata Temple
74.3085181,31.561484726168,Jain Mandir Bus Stop
69.8061328,24.743637826168,Mithi
69.2231396,24.811346826168,Saman Sarkar shrine
68.7968192,24.950924626168,Sajan Sawai
68.9018176,24.561622926168,Dargah Aliya Luari Sharif
68.5443711,25.117314526168,Shiv Mandir
73.064324,33.632393626168,Municipal Football Stadium
69.5938396,25.565207326168,Kalaankar Lake
68.4949045,25.805331526168,Bhit Shah
68.5615684,25.701090426168,Dargah Udero Lal
69.1565997,26.097370426168,Baqar Lake Resort
68.9032882,25.757896026168,Cadet College Sanghar
69.4936787,25.827219026168,ACHRO THAR THE WHITE DESERT
69.341771,25.834906126168,Nara Canal
68.7780959,28.238949326168,Thul
68.2877211,26.176126026168,Dalail Dero Fort
67.0281686,24.861253026168,1882 British Building
68.3807435,25.364463426168,Boulevard Mall Hyderabad
68.3797163,25.364728726168,The Lucky Mall
68.3792057,25.365597626168,Hero Tower
68.8875,27.696666726168,Bukkur Island
68.4175468,26.252641926168,Aab-e-Yashfa Factory
68.281759,26.590135926168,Aamir Jee Lake
67.014961,24.885704826168,Abba Jee Mazaar Shareef
68.135689,27.324293326168,Mohenjo-daro
68.8505666,27.701358426168,Adam Shah
68.6713287,25.526621726168,Adeel Abdul samad khanzada farm
67.0676698,24.940617226168,African Safari Monument
68.7735313,25.229824926168,Agham Kot
67.1225676,24.784633326168,Airmen Golf Course & Recreational Park
68.2624809,27.606815326168,AL JAZEERA FISH POINT AND WATER PARK
68.4249373,25.904958926168,Al Mansoorah Museum
67.0752078,24.904249926168,Al Markaz ul Qadri المرکز القادری
67.1847563,24.885793826168,Al-Haaj Al-Hafiz Qari Mumtaz Ahmed Rehmani Chishti Nizami Sabri Qadri Qalandari (RA)
68.8972321,27.480936026168,Ali Alamdar shrine shrine
67.4780639,26.564257926168,Ali Murad Shahani Archeaological Mound
68.2697896,25.418515226168,Kazi Tomb
67.4438288,25.032064826168,Allama Iqbal Lake
67.0873673,24.932400526168,Onederland
66.7687651,24.846630526168,Al-Shaikh Brother Beach
68.016165,26.174223826168,Amri Jo Daro
68.269499,25.409373026168,Angry Birds Funland
67.0248202,24.875284026168,Animal Museum
67.8196526,26.954831926168,Archaeological Mound of Loham
67.8197498,26.958636626168,Lohum jo Daro
68.790458,25.872319226168,Archeaological Mound Of Brahimanabad
68.5375012,25.421236026168,ARI sthebo office
68.3615637,25.366384026168,Arif Hussain Shaheed Skating Ground
69.4487402,25.871848426168,Atta Chaniho Museum
67.0901742,24.870820826168,Awami Markaz
68.8885315,27.693733726168,Lansdowne Bridge
68.8662995,27.698955826168,Ayub Gate
69.5216549,25.743916326168,Baandho Lake
68.9170083,27.615116126168,"Hill of Aror/Hill of Love. Rohri, Sukkur."
67.2482757,24.945077926168,Baloch Graveyard
67.0267319,24.825856626168,Bakhtawar Park
67.5233936,24.755276026168,Banbhore Museum & Excavations
68.9754419,25.529898526168,Behrain Golden City Park Mirpurkhas
67.0570949,24.954973926168,Behzad Luckhnavi Dargah
66.807519,24.843067226168,Bella ciao beach
66.6634095,24.860149426168,Bhit Khohri Beach
68.6081832,24.294372926168,Nareri Lake
67.9031196,24.759734026168,Brick Tomb
68.635013,27.949938226168,Budha Ashram
67.0179849,24.851762326168,Burns Gardens
67.0368103,24.831674926168,Clifton Cantonment Park
68.3230771,26.173626826168,Chanhudaro
68.361487,25.388162226168,Chunky Monkey Amusement Park
66.9965582,24.853849026168,Chuttan Shah Baba Shrine
67.9430479,25.409890926168,Darawat Dam
67.1390498,24.908478926168,Darbaar-e-Aalia Ali Mohammad Shah Shaheed (R.A)
67.0890231,24.887161626168,PN Central Library
67.0218005,24.869026626168,Police Museum
68.8905723,27.662053926168,Pyramid of Silence
70.7454034,24.421645226168,Rooplo Kolhi STDC Motel
68.9014438,27.529191626168,Qadir Bux Ja Qubba
67.1860746,24.912562126168,Pakistan Army Battle Tank Monument
68.3343125,25.393062526168,Qasimabad Park
68.6336252,26.187216126168,Quba Mir Shahdad Talpur
68.2110525,27.553442326168,Railway Park larkana
68.2045134,27.550484426168,Sambara Inn
68.0247916,27.492788926168,"Langh Lake Wildlife Sanctuary, لنگھ ڍنڍ"
74.3074188,31.477763326168,Pakistan Flags Shop
71.3585,34.164012526168,Warsak Dam
71.6028087,34.378260726168,Palai Dam
71.8761753,33.902973326168,Jabba Tar Dam
71.8552778,34.059722226168,Dheri Zardad Distributary
71.7552778,34.215833326168,Turangzai Distributary
72.0810008,33.929264826168,Gulderi Dam
72.0090374,33.553790926168,Water Dam
71.83096,33.866985026168,Cherat Small Dam
71.9761178,34.010909326168,Water and Power Development Authority
72.2168486,33.936703826168,Nihalpura waterfalls
72.2846999,34.415566426168,behroch waterfall and shrine
72.1299367,33.763453626168,Ghorah Maar Waterfall
71.8460034,33.819019026168,Chapri Waterfall
72.0903875,33.750351226168,Sojhanda Waterfall
71.711239,33.715358026168,Bora sherakhel Waterfall
72.1645672,33.889310726168,Shahidan Khwar
71.5746918,33.996261626168,Wazīr Bāgh (1802)
71.5582064,34.007829326168,Peshawar Museum
72.1299367,33.763453626168,Ghorah Maar Waterfall
72.9357406,33.996089826168,Roshan Plaza
73.0832817,33.571870426168,Ayub National Park
72.9227745,33.970852626168,"Ladies Park, T&T Colony, Haripur"
72.9328935,33.966462626168,Ladies and Children Park
72.9325806,33.975026426168,Naeem Khan park
72.9100521,34.028000626168,Phoolutman Volyball Club
73.0198654,34.039912626168,Abbasi Kids Play Ground
72.8344903,33.786538126168,Farmhouse Khanpur
73.1185482,34.037789026168,Officers Family Park
73.2153961,34.149742126168,Lady Garden Public Park
73.2266145,34.166353126168,Children and Ladies Park
73.0750206,33.649807826168,Wonderland
70.6113028,32.989631826168,Qazi Fazal Qadir Shaheed Bannu Park
70.6032028,32.996640926168,Cantonment Board Park
70.615359,32.934344526168,"Riaz Park, Mandan Bannu"
70.6090385,32.956022726168,MOIZ PARK
70.6010449,32.984366526168,Melad Park Bannu City
70.5710238,32.994965126168,TOFAN GARDEN
72.2902425,34.744597426168,Shahab Mobile Zone
70.8886341,31.878081526168,Wildlife Park D.I.Khan جنگلی حیات پارک
70.911216,31.825368826168,Haq Nawaz Park Dera Ismail Khan
70.9175802,31.823673226168,Hathee Park
70.8933572,31.840305626168,Fort Iqbal Park
70.9117994,31.829762526168,Milaad Park
70.8873564,31.778677526168,Gareen View Park
70.8977466,31.781551026168,Green View Family Park - Dera Ismail Khan
70.909798,31.861263026168,AL-BADR STREET
70.9095329,32.629273426168,Sitara Private Park
70.8586313,32.766282126168,Wild Life Park
70.7354321,32.323782126168,Pisa Valley
70.7995825,32.448554926168,Fawad Park
71.0749266,32.779190626168,Mirbaz Wola
70.8056135,32.284878526168,Sheikh Badin National Park
70.780141,32.775372926168,KHALID RAZA HOME
72.0320017,30.767185426168,Kakki Nau
70.4732461,33.847817626168,Mohammadi Top
70.7974518,32.294099526168,Sheikh Badin Hill Station
71.9921858,33.759646426168,Manglot Wildlife Park
72.3525717,34.746653426168,Shahi Bagh
71.5456563,34.019047526168,Garrison Mini Zoo
71.5286846,34.002526226168,Tourism & Sports Secretariat
71.5048501,34.103094026168,Wildlife Zoo
71.4436779,33.977438626168,Hayatabad Zoo
72.0097445,34.005537526168,Garrison Ground Nowshera Cantt
72.004936,34.010993026168,Polo Grounds
71.9957025,34.011019026168,Nowshera Golf Club
71.9704177,34.004574626168,Aman Park
71.814695,34.014615026168,Pabbi Cricket Ground
73.2217644,33.720140826168,Park view City
71.6606148,34.022451426168,City Home Park
72.2348985,33.930137626168,Kund Park
71.6039213,34.036428826168,Pakha Ghulam Kabristan
71.5351167,34.011168626168,Cantonment Board Defence Officers Colony Park
71.5408693,34.003699726168,Khalid Bin Waleed Park
71.4227736,34.030364326168,Bangash Park
71.4295408,34.029272326168,Zone 3
71.4181015,34.029013926168,Regi Model Town Central Park
71.4282098,34.024225226168,Zone 3 Sector A
71.2734006,34.054526326168,Tatara Top
71.135101,34.105204926168,Sharjah Ground
71.5629613,34.019588126168,Jogging Track
72.0072763,34.058082726168,Wali Family Park Risalpur
72.0403723,34.013702926168,Disney Water Park
71.9930994,33.996926226168,Chaklala Park
71.9743098,34.015287426168,Hoti Khel Park
73.1161613,34.035460526168,children park
72.0035095,34.010547626168,Jinnah park
71.5932515,34.011140526168,Shuhada e APS Park
71.6124513,34.005794326168,City Amusement Park
72.3525717,34.746653426168,Shahi Bagh
71.605915,34.007969026168,Insaaf Park
71.5780487,34.015256726168,Chacha Younis Park
71.6181611,34.025542226168,Walking Park Peshawar
71.7775665,34.131202526168,Baghicha family park
72.0960429,34.197856026168,Shah jehan car parking
71.5453291,34.018509526168,Funland-Family Park
71.4492244,33.995671926168,"Sector N4 Park, Phase 4"
71.4341522,33.960651426168,Shalman Park
71.4394366,33.969018826168,Ghani Bagh
71.4447629,33.977981626168,Bagh e Naraan
71.4381034,33.982996226168,Khyber Park
71.4365658,33.975980326168,Phase-1 Park
70.6735039,32.933001726168,Mira Khel Play Ground
70.7133444,32.916733626168,Mughal Khel Playground
73.392789,34.069979926168,Children Park (Nathia Gali)
70.6956809,33.021899126168,Bannu Town Ship (Pheasantry) Park
70.6941284,33.007041826168,Bizenkhel football ground
70.6954524,33.014178526168,Bannu Township Main Entrance
70.6196346,32.993787126168,Bannu Sports Complex
73.225487,34.155139826168,Piffer Golf Club
70.8977466,31.781551026168,Green View Family Park - Dera Ismail Khan
70.9007061,31.786126626168,Bachon ki Dunya - Family Park
70.8985895,31.782470426168,Rabbu Boring
70.8985895,31.782470426168,Rabbu Boring
70.8972662,31.781813226168,Parking - Green View Family Park
70.8873564,31.778677526168,Gareen View Park
70.7673544,31.564451726168,parao stadium
70.1174132,31.688261826168,Dr Umar Dar Cricket Ground
70.8936944,31.870668526168,Dera Stadium
70.6155745,32.308401526168,Sherali Cricket Ground
70.6077713,32.295265526168,Tatti Ground
71.5480855,34.018486526168,Garrison Park Peshawar
72.0054151,34.010340426168,Polo Ground
71.6606148,34.022451426168,City Home Park
74.090226,35.018598126168,Dudipatsar
72.7398536,34.638300026168,Mangowano park
72.9682156,35.041893126168,Kotal Wildlife Park Kohat
72.0495941,34.201369126168,Pirano Daga Park
72.0384832,34.149922826168,C Sector Park
72.0437593,34.220877826168,Lala Bagh
71.4484182,33.990707126168,Women and Children park
72.0629116,34.135838226168,Green Acree Park
72.0496333,34.200937026168,Pirano Park Mardan Khas
72.049682,34.201931026168,Mardan Badminton Hall
72.6420567,34.039617826168,Albaila Park Galla (Swabi)
72.5370863,34.104929526168,Baja Wildlife Park
72.2896709,33.985486526168,Tordher Park (Dan)
72.2870179,33.993293126168,Dhand Park
72.6783683,34.037607226168,Sobra City Ladies And Children Park
73.0750206,33.649807826168,Wonderland
70.6113028,32.989631826168,Qazi Fazal Qadir Shaheed Bannu Park
70.615359,32.934344526168,"Riaz Park, Mandan Bannu"
73.349191,34.509571026168,Kunhar Food Point & Pine Park
73.6889378,34.858134726168,Saiful Maluk National Park
72.9327101,33.972079626168,Public Park
73.2105239,34.322740926168,Global Family Park
73.2037409,34.335707026168,Zaffar Park
72.3394788,34.821113426168,Kid Park Sector A
73.4476091,33.802314226168,Sangsiri Forest Park
73.3737732,33.856877426168,Sangrela Natural Water Park
73.3705401,33.895167726168,"Forest Park Bansra, Muree, Pakistan"
73.431875,33.889693326168,New Sozo Adventure Park
73.40303,33.912970026168,Shaheedan Park
73.4057539,34.052025026168,Dunga Gali Children Park
73.3783343,34.078530526168,Green Spot PAF Base Kalabagh
73.3921869,34.069835626168,Nathia gali Hiking track
73.4058702,34.063783426168,Lalazar Wildlife Park
73.3920991,34.071596126168,Church Park Nathia Gali
73.2158659,34.148925526168,Global Park
73.2299072,34.189939026168,Hallians Mountain
73.2802218,34.198833426168,Kakaul Firing Ranges
73.1966497,34.158389126168,Shimla Pahari Park
72.3598125,33.781571526168,Pak Wonderland
73.2153961,34.149742126168,Lady Garden Public Park
73.1261091,33.702662526168,Rawal Lake
73.1738306,33.776559526168,Shahdara Point
72.9739779,33.691611726168,Golra Sharif Mosque
72.57224,34.799918926168,Malam Jabba
71.5703553,34.007875326168,Qissa Khwani Bazaar
74.6643157,36.326407326168,Karimabad
65.7240571,25.377734826168,Sapat Beach
66.9352412,30.088294026168,Harnai Wale
74.6643157,36.326407326168,Karimabad
67.7260475,30.378882726168,"Quaid-i-Azam Residency, Ziarat Balochistan"
67.1922814,30.275448426168,"Urak Valley,Quetta"
65.7240571,25.377734826168,Sapat Beach
